kic,n_points,time_span_days,cadence_days,cadence_minutes,flux_median,flux_std,prot,teff
893647,64795,1459.4887955843224,0.020433631376363337,29.424429181963205,10081.301,735.11414,8.829,4712
1575580,65264,1470.462202425304,0.020433643425349146,29.42444653250277,254696.52,8824.87,15.968,6095
1725997,59037,1421.2354778401714,0.02043369348393753,29.424518616870046,6296.6943,298.05,13.065,5671
1849547,64794,1459.4888780199908,0.020433619909454137,29.424412669613957,12018.608,651.271,21.583,5397
1865206,64795,1459.4888243099485,0.020433629804756492,29.42442691884935,18088.75,694.8478,22.79,5160
2018492,64795,1459.488812848831,0.020433633060747525,29.424431607476436,30072.021,1746.6619,29.61,4924
2019900,64795,1459.4888107651568,0.020433633879292756,29.42443278618157,52563.25,2007.8268,5.975,6187
2140686,65263,1470.4622415594204,0.020433630965271732,29.424428589991294,205083.38,5995.037,11.556,5918
2158543,64795,1459.4888284692934,0.02043363091070205,29.42442851141095,24375.02,1184.2904,20.826,4838
2162377,64795,1459.4888207441472,0.020433631605556002,29.424429512000643,44339.17,1792.9481,3.557,5540
2424682,64794,1459.488885215971,0.020433621306438,29.42441468127072,14527.965,557.1413,37.424,4742
2443364,64795,1459.4888317983641,0.020433630619663745,29.424428092315793,88778.81,4742.019,35.915,4013
2444517,64795,1459.4888292219475,0.02043363136908738,29.424429171485826,18000.229,502.03812,26.095,4426
2555568,63170,1421.235846969641,0.0204335816015373,29.42435750621371,7020.52,362.8437,10.841,4979
2556279,65263,1470.4622462786647,0.020433631834748667,29.42442984203808,90353.91,3259.8108,3.317,6342
2695222,65263,1470.4622477972443,0.020433631958439946,29.424430020153522,69349.54,2910.072,3.702,5694
2712178,64795,1459.4888396816314,0.020433630619663745,29.424428092315793,14653.771,512.96796,17.496,5827
2722098,64795,1459.4888184334777,0.020433635567314923,29.42443521693349,19272.38,751.96515,2.989,5673
2831370,64794,1459.4889108445132,0.020433619327377528,29.42441183142364,7944.6533,332.21094,19.63,5645
2832484,64794,1459.488906990875,0.0204336200185935,29.424412826774642,22277.781,1150.4991,3.646,5505
2858741,64795,1459.4888306781577,0.020433633701031795,29.424432529485784,7504.917,495.03427,18.186,4792
3217410,64794,1459.4889189427704,0.020433619793038815,29.424412501975894,17408.629,699.5982,16.603,4416
3222610,64799,1459.48889531046,0.020433622059499612,29.42441576567944,22169.422,1357.9622,4.91,4097
3230050,65263,1470.4622355669126,0.020433639405382564,29.424440743750893,813664.6,12700.709,19.095,5737
3232965,64794,1459.4888613818548,0.020433630154002458,29.42442742176354,9621.51,373.23746,21.092,5572
3236788,64796,1459.4888502154718,0.020433631783816963,29.424429768696427,46552.812,1186.6595,5.429,5674
3237993,64795,1459.48884496549,0.020433632304047933,29.424430517829023,11313.88,382.98126,5.142,5682
3239557,54967,1238.6046087963987,0.020433710709767183,29.424543422064744,8125.3345,385.3272,12.832,5808
3242050,64795,1459.4888380291886,0.02043363515258534,29.424434619722888,19517.602,869.6645,12.932,5250
3247798,51817,1459.488825747787,0.020433617752132704,29.424409563071094,30613.066,1178.5594,10.424,5903
3248225,51817,1459.4888235798935,0.02043361670075683,29.424408049089834,20742.738,348.19174,12.75,5683
3327068,64794,1459.488909570231,0.020433621190022677,29.424414513632655,15156.63,684.8015,4.519,4875
3328254,64799,1459.4889064003582,0.020433621073607355,29.42441434599459,8180.0913,465.9149,31.578,3509
3328711,64799,1459.4889028803664,0.020433621593838325,29.424415095127188,9302.672,573.845,32.512,4290
3330261,64799,1459.4888964905622,0.02043362270342186,29.42441669292748,19323.566,1262.3243,26.347,4807
3342894,64796,1459.4888539694002,0.02043363084521843,29.42442841711454,21059.816,299.66824,14.092,4118
3353480,51817,1459.4888294067641,0.020433620949916076,29.42441416787915,11048.95,166.67328,12.377,5515
3353601,51817,1459.4888293960903,0.020433620549738407,29.424413591623306,15383.141,452.4747,24.033,5119
3356832,51817,1459.4888255138649,0.020433610421605408,29.424399007111788,8959.392,275.19522,12.194,5485
3441423,54966,1238.604790121848,0.020433710822544526,29.424543584464118,33507.54,1502.1816,12.503,5601
3448897,64795,1459.4888467548517,0.020433633584616473,29.42443236184772,10369.589,610.7986,6.916,5994
3526481,65262,1470.4622695731377,0.020433629339095205,29.424426248297095,209217.78,7147.714,14.559,5454
3531315,65268,1470.4622571427171,0.020433632482308894,29.424430774524808,69562.625,3312.3003,21.199,5634
3540780,64794,1459.4888779937392,0.020433629098988604,29.42442590254359,34596.125,799.4555,26.697,5383
3543989,54968,1238.6047330631773,0.02043371001491323,29.424542421475053,6781.945,221.57135,6.816,5904
3545170,64796,1459.4888637121403,0.020433630619663745,29.424428092315793,26649.363,572.19006,1.154,6460
3550411,54967,1238.604537420506,0.02043370913816034,29.424541158950888,10566.01,539.9468,11.087,4737
3557197,51817,1459.4888360525874,0.020433615369256586,29.424406131729484,27761.246,593.41626,1.962,6362
3559411,41989,1238.604271354794,0.020433726072951686,29.424565545050427,6975.029,255.38333,35.841,4930
3559482,51817,1459.4888327725566,0.020433608147868654,29.42439573293086,21099.436,803.149,26.626,5706
3648721,64796,1459.4888585840017,0.020433632358617615,29.424430596409366,17500.645,455.25064,2.523,6190
3654893,51817,1459.4888469042344,0.020433624911674997,29.424419872811995,16506.52,417.42624,7.114,5477
3733537,65268,1470.4622640681482,0.02043363213306293,29.424430271610618,574886.3,27954.031,5.975,5951
3742890,64794,1459.4888838762927,0.02043362886615796,29.424425567267463,119796.91,4014.319,3.544,6361
3747163,54968,1238.6046876695546,0.0204337093164213,29.424541415646672,11709.441,302.04312,6.855,6269
3755492,52286,1470.4622313363216,0.02043364749988541,29.42445239983499,87882.72,2132.684,2.432,6442
3830783,64793,1459.488958086782,0.020433616649825126,29.42440797574818,23279.97,2100.296,8.978,5850
3831289,64793,1459.4889568796716,0.020433617988601327,29.42440990358591,8978.775,803.4741,28.409,4627
3832499,64793,1459.4889475677846,0.02043361868345528,29.424410904175602,8414.936,628.28156,13.01,4318
3838258,64799,1459.4889194104107,0.020433621713891625,29.42441526800394,17011.953,953.809,10.464,5418
3842433,65263,1470.4622547263425,0.02043363730990677,29.42443772626575,73855.22,2249.1523,13.422,6004
3850729,65265,1470.4622433495388,0.020433641791896662,29.424444180331193,62615.81,1113.2507,38.752,5314
3855097,64796,1459.4888617680626,0.020433633173524868,29.42443176987581,38913.79,1178.1947,4.89,6244
3858156,51817,1459.4888550668475,0.020433628058526665,29.424424404278398,5499.352,221.03906,34.278,4928
3863928,51817,1459.4888418683404,0.020433609373867512,29.424397498369217,30673.357,710.2861,7.923,5556
3869311,51817,1459.4888354895884,0.020433592660992872,29.424373431829736,11085.099,400.32568,14.835,5038
3938241,64793,1459.4889380181776,0.020433620316907763,29.42441325634718,20762.287,740.39526,16.781,3769
3946621,64794,1459.4889045116943,0.02043362630502088,29.424421879230067,23209.398,492.97507,2.64,5680
3964492,51817,1459.4888537464794,0.020433619094546884,29.424411496147513,7360.679,190.73395,17.174,4186
3970457,51817,1459.4888418736373,0.02043359964955016,29.42438349535223,24620.76,808.78125,4.976,5763
3973209,52286,1470.462228687742,0.020433612684428226,29.424402265576646,74390.03,2834.1448,19.259,5571
3974277,52286,1470.4622277937524,0.02043360989773646,29.424398252740502,156108.53,5243.5166,12.021,6012
4042747,64799,1459.4889303182936,0.020433620607946068,29.424413675442338,11088.238,605.92957,9.957,5224
4047976,64794,1459.4889110679142,0.02043362584663555,29.424421219155192,10761.018,301.3222,25.558,4393
4069875,41989,1238.604262603054,0.020433726600458613,29.424566304660402,6571.454,93.86759,30.097,4884
4075608,52286,1470.4622316040914,0.020433612924534827,29.42440261133015,149759.25,5151.6807,9.09,5854
4076697,51817,1459.4888408857078,0.020433589350432158,29.424368664622307,33593.094,1384.3917,8.378,4965
4158384,64796,1459.4888836590908,0.020433631543710362,29.42442942294292,28005.215,395.7453,32.704,5231
4176145,41989,1238.60414081598,0.02043370029059588,29.424528418458067,5727.8784,250.79507,2.191,5685
4176960,50193,1421.2355021111289,0.020433523692190647,29.424274116754532,7012.0557,379.831,16.353,5053
4178418,51817,1459.488842736282,0.020433589172171196,29.424368407926522,10502.558,511.47418,15.662,5377
4181211,41989,1238.6040259043948,0.020433675901585957,29.424493298283778,10978.375,607.48047,14.957,5454
4246554,64792,1459.488943823926,0.02043362060067011,29.42441366496496,17259.488,667.3622,14.204,4914
4269291,52282,1470.4622438050865,0.02043364878045395,29.42445424385369,51448.457,998.8092,3.801,6397
4275254,51817,1459.4888607331595,0.020433609723113477,29.424398001283407,10464.784,764.1625,15.144,3949
4345018,64793,1459.4889720647116,0.020433617930393666,29.42440981976688,11380.432,433.64478,12.67,5257
4351056,64792,1459.488940132047,0.020433621073607355,29.42441434599459,11693.173,405.30295,32.218,4783
4355501,64794,1459.4889215333606,0.02043362526455894,29.424420380964875,22645.617,532.90375,25.161,5384
4357578,54966,1238.604880127219,0.02043370791216148,29.424539393512532,6826.0854,118.24218,32.622,5179
4375393,51813,1459.4888685374608,0.020433615311048925,29.424406047910452,92424.24,1467.226,14.307,6150
4379563,41989,1238.6041930036517,0.020433712685189676,29.424546266673133,7156.1387,285.0946,9.253,4919
4381114,51817,1459.4888573160206,0.020433597437659046,29.424380310229026,13682.469,806.3247,32.261,4798
4381745,51817,1459.488855531461,0.020433595636859536,29.424377717077732,21114.111,760.7421,10.387,5324
4383270,51817,1459.4888550808682,0.020433591038454324,29.424371095374227,24171.723,1088.4501,0.823,5225
4385761,51817,1459.488851054528,0.020433585334103554,29.42436288110912,9088.156,499.99667,15.155,5288
4446299,64793,1459.4889672858626,0.020433619087270927,29.424411485670134,29092.893,1174.6025,16.438,5355
4464825,64796,1459.4888958945157,0.020433631085325032,29.424428762868047,41061.977,1316.5566,7.238,5714
4470289,41985,1238.6044092986049,0.020433760011655977,29.424614416784607,9978.331,124.130516,21.628,5484
4480250,51817,1459.4888591438212,0.020433594352653017,29.424375867820345,10340.528,440.51733,27.504,4037
4480672,41989,1238.6041143450057,0.020433696212421637,29.424522545887157,8940.567,385.12753,23.054,5108
4540592,50173,1426.4464255402345,0.02043328218496754,29.423926346353255,24561.79,1256.2036,22.478,5103
4540728,50642,1437.4197373942297,0.020433293713722378,29.423942947760224,161515.0,5658.9697,3.368,6026
4543822,65262,1470.462291193442,0.02043362886615796,29.424425567267463,55855.367,1699.6566,7.842,6038
4545145,64792,1459.4889605160206,0.0204336200185935,29.424412826774642,7508.287,278.935,24.315,4204
4546432,65261,1470.4622844815167,0.0204336303868331,29.424427757039666,50964.996,2094.264,11.41,5681
4550909,64794,1459.4889319847207,0.020433624093129765,29.424418694106862,11897.548,234.37352,0.719,4661
4569832,51813,1459.4888771159967,0.020433618454262614,29.424410574138165,10102.522,163.02985,4.307,5982
4570179,52282,1470.462248058735,0.02043363596749259,29.424435793189332,55379.85,784.4647,7.62,6053
4573862,51817,1459.4888697043425,0.02043360541574657,29.42439179867506,39168.16,1310.5353,18.748,5483
4585976,65266,1470.4622377031774,0.02043365576537326,29.424464302137494,179951.31,7288.5513,1.627,5641
4640044,64792,1459.4889550840817,0.020433620258700103,29.424413172528148,6970.825,343.24072,2.967,5709
4651312,64794,1459.4889139478546,0.02043362898984924,29.424425745382905,9477.224,173.02376,29.427,5068
4659608,51813,1459.4888887145135,0.020433627883903682,29.424424152821302,11886.016,239.00987,28.737,4449
4661301,51813,1459.4888827824761,0.020433622175914934,29.424415933317505,19342.549,228.66064,11.107,5519
4677281,64797,1459.4888566341178,0.020433643891010433,29.424447203055024,36638.88,1556.3206,5.73,5621
4679110,64797,1459.4888523539048,0.02043364493874833,29.424448711797595,23365.664,1268.8348,28.004,4821
4738722,64794,1459.4889309602368,0.020433627352758776,29.424423387972638,10989.495,448.0424,13.569,5222
4750406,51813,1459.48889570732,0.020433630677871406,29.424428176134825,9831.325,319.61124,22.33,4770
4755493,51813,1459.488883606704,0.020433612862689188,29.42440252227243,18909.834,375.19656,18.914,5778
4757871,52283,1470.462251167497,0.020433623572898796,29.424417944974266,109985.55,1251.3131,30.119,5367
4771030,65266,1470.4622417753126,0.020433656456589233,29.424465297488496,113482.94,4999.103,1.198,6216
4818236,64792,1459.4889777670833,0.02043361932010157,29.42441182094626,18276.922,871.8798,13.41,5242
4826941,64794,1459.4889370028031,0.020433626894373447,29.424422727897763,40829.203,746.96704,3.485,5748
4831198,65263,1470.4622695323633,0.020433639583643526,29.424441000446677,95994.32,1879.6477,3.745,6132
4838459,51813,1459.4889018637987,0.02043363340999349,29.424432110390626,15853.958,446.66287,6.806,5322
4845559,51814,1459.4888823371584,0.020433608267921954,29.424395905807614,6229.3916,176.65897,16.324,5314
4850888,52286,1470.462250305245,0.020433610705367755,29.424399415729567,95504.03,2842.195,4.277,5716
4904000,50173,1426.44645382194,0.02043328672516509,29.42393288423773,25533.889,1262.0967,23.291,5678
4904088,50642,1437.4197640972852,0.02043329824664397,29.42394947516732,59449.625,2394.922,2.529,6200
4907576,64792,1459.4889768354697,0.0204336200185935,29.424412826774642,42321.664,1534.0131,27.739,4799
4909473,65261,1470.4622905058932,0.02043363149277866,29.42442934960127,2.2111362e+06,72004.31,4.406,6128
4914771,64794,1459.488942312797,0.02043362642871216,29.42442205734551,20723.545,406.77338,13.026,5677
4918333,64794,1459.488930909567,0.020433628516911995,29.424425064353272,49380.406,2044.7441,19.854,3718
4929747,41985,1238.604329570393,0.020433745405171067,29.424593383446336,9140.043,413.9194,6.029,5002
4931864,52282,1470.4622581835065,0.020433632482308894,29.424430774524808,66237.47,1139.9924,1.569,6453
5004687,64794,1459.4889347674252,0.020433628058526665,29.424424404278398,7233.4395,196.07697,27.647,4651
5009366,65263,1470.462271821758,0.02043364051132812,29.424442336312495,113913.15,2325.541,6.544,6317
5015744,50189,1421.2356799896006,0.02043356193098589,29.42432918061968,7940.044,178.74428,23.066,4820
5031916,64797,1459.4888733136831,0.020433643247088185,29.424446275806986,41244.95,1753.7133,4.741,5969
5032822,64797,1459.4888721672978,0.020433643541764468,29.424446700140834,12908.873,524.84845,15.397,5586
5033905,64797,1459.488871659145,0.02043364435667172,29.424447873607278,6163.467,291.92105,27.555,4426
5040378,64798,1459.4888623201623,0.02043364597921027,29.424450210062787,9922.402,555.27924,25.799,4233
5042015,64798,1459.4888597200843,0.02043364609562559,29.42445037770085,12972.964,494.0364,4.549,5637
5080470,50173,1426.4464739808827,0.020433289522770792,29.42393691278994,5811.372,359.64325,22.086,4054
5093410,64794,1459.4889365950003,0.02043362840777263,29.424424907192588,7115.3164,257.9597,20.184,4814
5095980,64794,1459.4889291374639,0.020433629331819247,29.424426237819716,9014.108,133.05043,19.678,5528
5105118,52282,1470.4622646706557,0.020433638761460315,29.424439816502854,76069.23,1099.0688,15.304,5262
5106721,51813,1459.4888988050807,0.020433615252841264,29.42440596409142,34744.727,598.72327,34.691,4680
5110832,51814,1459.488892923342,0.020433600118849427,29.424384171143174,12591.076,298.92844,26.574,3415
5114994,51814,1459.4888855016761,0.020433588360901922,29.424367239698768,99487.72,1142.827,6.276,6235
5119861,63173,1421.2355305901656,0.020433604942809325,29.424391117645428,5812.803,233.10283,20.572,4711
5167837,48549,1388.1935310793997,0.02043325232807547,29.423883352428675,5786.0933,267.9864,23.014,5193
5171909,64792,1459.48898012688,0.02043362002586946,29.42441283725202,20649.762,1005.876,22.14,5194
5177000,64794,1459.4889543190584,0.02043362584663555,29.424421219155192,6536.146,107.918724,11.439,5427
5179724,64794,1459.4889446321395,0.020433627352758776,29.424423387972638,18311.75,492.88498,10.524,4935
5194631,41985,1238.6042440027304,0.02043372840853408,29.424568908289075,7738.0254,139.6833,17.975,5064
5195727,41986,1238.6042127705077,0.020433721532754134,29.424559007165954,7092.626,780.87634,23.496,4259
5196646,52283,1470.4622621189847,0.02043362514086766,29.424420202849433,122339.48,2463.6062,1.044,6300
5197876,51814,1459.488896785595,0.020433601981494576,29.42438685335219,10616.223,209.16046,9.463,4794
5198654,52283,1470.4622621294911,0.020433618337847292,29.4244104065001,105988.875,2125.8958,3.49,6313
5207655,64797,1459.4888799922992,0.020433643247088185,29.424446275806986,17176.736,748.7127,2.546,6154
5254309,50642,1437.419796019065,0.02043330209562555,29.42395501770079,45841.633,2055.7349,15.0,3966
5257177,50173,1426.4464802077055,0.020433291731023928,29.423940092674457,56327.28,1074.1376,15.505,5565
5270719,64794,1459.4889402681074,0.020433628640603274,29.424425242468715,17174.27,530.7816,9.637,4891
5271270,63170,1421.2358018729064,0.02043359336676076,29.424374448135495,7095.4316,205.76393,21.909,4204
5274142,64794,1459.4889279239796,0.020433630612387788,29.424428081838414,8457.184,133.58124,19.129,5481
5283113,51814,1459.488907117062,0.020433610130567104,29.42439858801663,17668.637,801.60425,20.208,4907
5297346,64797,1459.4888812943173,0.02043364417841076,29.424447616911493,20825.482,818.3282,9.375,5110
5301441,64797,1459.4888774229548,0.02043364540077164,29.42444937711116,37344.34,1624.0863,13.034,5852
5304359,64798,1459.4888725405544,0.020433645404409617,29.42444938234985,20660.965,848.6779,13.368,5975
5307845,64798,1459.4888680764343,0.020433644822333008,29.42444854415953,33314.35,1157.2662,32.845,5253
5308270,64798,1459.4888680810036,0.020433644705917686,29.424448376521468,40530.84,1766.7704,8.671,5399
5339846,50642,1437.419801805605,0.0204332999928738,29.42395198973827,54941.184,2063.6943,25.511,5524
5351136,54966,1238.60491688818,0.020433705816685688,29.42453637602739,7033.2847,259.81403,1.385,5108
5351969,64794,1459.488964692653,0.020433624798897654,29.42441971041262,6036.9375,102.52246,15.693,4769
5354845,54966,1238.6047789006334,0.020433704077731818,29.424533871933818,19867.617,2345.0068,7.902,5350
5373525,51814,1459.488902760364,0.020433599180250894,29.424382819561288,112276.47,2537.552,32.337,5104
5374723,50190,1421.2356252229583,0.020433528756257147,29.42428140901029,7656.5186,143.7495,28.015,5328
5375352,41986,1238.6040766535007,0.020433692552614957,29.424517275765538,5786.2974,139.00452,3.44,5794
5376851,50190,1421.235610484,0.02043352118198527,29.42427050205879,8260.393,173.20605,18.218,5594
5388485,64797,1459.4888783352144,0.020433645109733334,29.424448958016,11843.036,423.635,6.817,5260
5392431,54970,1238.6036642782929,0.02043369312741561,29.424518103478476,6055.8936,204.14404,9.592,5161
5393984,64798,1459.4888745859134,0.020433644589502364,29.424448208883405,8713.264,378.90408,1.17,6469
5395337,63174,1421.2354580917672,0.020433605706784874,29.42439221777022,8224.734,514.0931,6.774,5077
5444276,65263,1470.4622852101893,0.02043363859047531,29.42443957028445,118807.58,2900.6245,0.706,6302
5450334,54970,1238.604423351244,0.020433701982256025,29.424530854448676,10033.447,314.60974,38.705,4296
5458813,51814,1459.4889081403453,0.02043360023526475,29.424384338781238,19019.096,439.9164,14.083,5723
5460990,51814,1459.4889034326916,0.0204335919697769,29.424372436478734,11980.759,200.0073,2.286,5730
5471091,65266,1470.4622601753072,0.02043365552526666,29.42446395638399,1.4920245e+06,38372.062,1.089,6294
5473087,64797,1459.4888834420344,0.02043364499695599,29.424448795616627,5889.175,298.4941,18.717,4548
5473443,64797,1459.4888846125177,0.020433645171578974,29.424449047073722,8164.091,370.05862,18.633,4596
5479971,64798,1459.488875605537,0.020433644473087043,29.42444804124534,23047.332,1037.4983,7.775,5686
5480080,64798,1459.488874751456,0.02043364435667172,29.424447873607278,11677.2,894.3481,12.682,4874
5480766,64798,1459.488874046503,0.020433643883734476,29.424447192577645,28658.047,1440.8184,1.176,6318
5481001,64798,1459.488875515548,0.02043364377459511,29.42444703541696,21336.383,860.7179,7.982,5998
5481482,64798,1459.4888756274813,0.020433643883734476,29.424447192577645,24865.035,1033.4498,1.068,6246
5482415,64798,1459.4888742799449,0.020433643650903832,29.42444685730152,22176.113,944.4823,1.869,5752
5512513,50173,1426.4465258458877,0.020433294117538026,29.423943529254757,16515.395,544.11865,0.781,4582
5528100,64794,1459.4889545670521,0.02043362828408135,29.424424729077145,7514.6855,204.49039,12.565,5585
5544227,52283,1470.4622709062824,0.02043361810501665,29.424410071223974,91239.85,1926.4576,1.757,6242
5544326,51814,1459.4889094686077,0.0204335983726196,29.424381656572223,6010.1914,104.78339,32.29,4812
5554125,64797,1459.488895593262,0.02043364359633415,29.424446778721176,34762.14,1232.8512,20.911,5919
5561896,54970,1238.6036817904169,0.020433692552614957,29.424517275765538,8299.864,374.96368,20.543,5021
5564111,63174,1421.2354844084985,0.020433605823200196,29.424392385408282,7612.504,312.52994,11.313,5559
5597401,50173,1426.4465354836211,0.020433292080269894,29.423940595588647,19089.824,909.9617,1.618,4288
5597879,50642,1437.4198242360435,0.020433304889593273,29.423959041014314,74816.17,2109.9348,17.972,5713
5601728,50173,1426.4465222786894,0.02043329703155905,29.423947725445032,7813.307,175.65036,26.13,5038
5609446,54966,1238.6048572767832,0.020433704077731818,29.424533871933818,12202.184,275.74744,16.374,5957
5613532,65266,1470.4622934257932,0.020433638062968384,29.424438810674474,71050.68,1057.6886,26.146,5077
5622300,65267,1470.4622811264271,0.020433644469449064,29.424448036006652,63015.457,1660.4838,5.596,6368
5629172,51814,1459.4889169446833,0.020433603029232472,29.42438836209476,35980.06,870.16376,21.222,5687
5632118,51814,1459.4889128989162,0.020433591380424332,29.424371587811038,39509.1,1064.1051,19.441,5116
5633131,51814,1459.4889084014721,0.020433588710147887,29.424367742612958,8843.784,192.15063,31.019,5046
5640284,64797,1459.4888960157332,0.02043364359633415,29.424446778721176,37546.957,1326.8326,17.204,6060
5646350,64798,1459.4888893361422,0.020433644822333008,29.42444854415953,16738.797,606.5793,21.261,5464
5648350,64798,1459.4888881525767,0.020433644822333008,29.42444854415953,17075.91,547.50836,14.488,4912
5693894,64794,1459.4889860774492,0.020433623169083148,29.424417363479733,44727.047,1529.6077,16.143,5075
5694225,64794,1459.4889837267328,0.020433623052667826,29.42441719584167,8524.359,142.94153,37.973,4471
5696590,65263,1470.4623000818683,0.020433636265806854,29.42443622276187,168243.52,2345.439,3.237,6358
5715752,41986,1238.6041020616685,0.020433699995919596,29.42452799412422,8634.185,218.8735,7.554,5552
5716131,51814,1459.488917681978,0.02043359534582123,29.424377297982574,16708.271,474.83026,14.118,5911
5718325,51814,1459.4889135911217,0.020433588477317244,29.42436740733683,38130.55,766.4758,27.065,5281
5722533,54969,1238.6039307715255,0.020433695171959698,29.424521047621965,13337.618,517.79034,26.305,4785
5723318,64797,1459.4889033575892,0.02043364249402657,29.424445191398263,35820.13,1432.3407,2.526,6201
5773135,48549,1388.1935925934886,0.020433261815924197,29.423897014930844,7316.9824,168.72571,27.643,4989
5788112,64794,1459.488957799702,0.02043362898984924,29.424425745382905,6891.69,351.34274,34.901,4166
5790645,64798,1459.4889503607046,0.020433630736079067,29.424428259953856,28223.46,801.1483,31.097,5301
5791190,64798,1459.4889471893184,0.02043363085249439,29.42442842759192,32608.812,1103.459,18.454,5326
5857836,50642,1437.419846466364,0.020433310593944043,29.423967255279422,147457.06,1842.287,0.555,6257
5866969,59036,1421.2359367001263,0.020433676603715867,29.424494309350848,5978.132,57.835186,23.86,4755
5876377,64798,1459.4889519529752,0.02043363072880311,29.424428249476478,45723.523,1104.0149,10.837,5000
5880666,64798,1459.4889386674404,0.02043363539269194,29.424434965476394,72851.66,1695.1785,9.533,5300
5881276,64798,1459.4889384439957,0.020433635385415982,29.424434954999015,34709.883,1022.5887,8.495,6080
5899323,54969,1238.6037566729428,0.02043369202510803,29.424516516155563,8860.835,417.89423,25.489,5128
5900600,64797,1459.4889046532262,0.020433644527656725,29.424448119825684,10173.018,632.4316,14.043,3858
5907881,65267,1470.4622683060443,0.020433656114619225,29.424464805051684,144395.5,4624.537,21.49,5550
5937679,50173,1426.446576512688,0.020433294463146012,29.423944026930258,11843.001,264.64383,34.868,4223
5939072,50173,1426.4465715262704,0.020433298541320255,29.423949899501167,6221.1924,339.59903,23.728,4434
5939163,48549,1388.1937155869164,0.020433258439879864,29.423892153427005,6893.63,219.56216,22.079,5542
5939736,50173,1426.4465683366652,0.020433299418073148,29.423951162025332,39420.11,1006.43146,31.055,5170
5950604,65263,1470.462308369475,0.020433635567314923,29.42443521693349,107208.164,1301.0994,8.629,6214
5950818,64794,1459.488989236379,0.020433626188605558,29.424421711592004,23410.34,327.89594,21.342,5567
5953556,64797,1459.488979471782,0.0204336277092807,29.424423901364207,116864.34,1885.1196,8.999,6018
5964734,65267,1470.4622886451834,0.020433646273886552,29.424450634396635,96718.58,3201.1274,19.405,4531
5966921,64793,1459.4889396490762,0.020433636789675802,29.424436977133155,21520.908,906.82214,5.155,3831
5977477,64797,1459.488917485971,0.020433642079296988,29.424444594187662,6838.2114,316.61078,27.81,4290
5980361,64797,1459.488911274435,0.020433643192518502,29.424446197226644,16113.446,540.6497,21.889,5030
5983877,64797,1459.4889090346624,0.02043364429482608,29.424447784549557,9388.79,472.79227,17.278,5456
6021998,50642,1437.4198571610905,0.020433310470252763,29.42396707716398,73807.08,1766.9254,3.034,6371
6024170,50642,1437.4198594725167,0.020433312456589192,29.423969937488437,77728.83,1548.5505,6.671,5833
6026138,50173,1426.446555691633,0.020433302324818214,29.42395534773823,39093.85,666.67755,14.273,5939
6038355,65266,1470.4623014219542,0.020433638070244342,29.424438821151853,316786.94,4722.273,8.089,5659
6044117,64798,1459.4889537577183,0.02043363353004679,29.42443228326738,11357.889,377.61597,17.834,3594
6044768,54970,1238.6043428728372,0.020433698839042336,29.424526328220963,6413.882,154.55305,35.231,4944
6045006,63174,1421.2358086156964,0.020433597324881703,29.424380147829652,7572.71,291.5528,18.546,4845
6071803,64798,1459.4889014111468,0.020433642726857215,29.42444552667439,59557.043,2322.5042,9.967,5985
6101173,50173,1426.4465925153127,0.020433298486750573,29.423949820920825,24078.39,519.46027,25.463,5004
6107266,50173,1426.446561750061,0.02043330407468602,29.42395786754787,219311.84,4565.0444,4.379,6128
6111127,64792,1459.4890118210096,0.020433622237760574,29.424416022375226,13223.646,418.0958,21.569,5598
6115165,54969,1238.6047275283563,0.020433701341971755,29.424529932439327,6429.652,66.66713,12.744,5673
6123205,64798,1459.4889636623193,0.0204336303868331,29.424427757039666,6770.8096,368.85855,4.337,4461
6128801,54965,1238.6042356818289,0.020433697613043478,29.424524562782608,6503.229,239.03015,17.92,4632
6144190,64797,1459.4889185186694,0.020433643308933824,29.424446364864707,7637.6265,284.05353,11.489,4316
6147108,64797,1459.4889133728648,0.020433644065633416,29.42444745451212,40452.03,1909.9534,2.799,6213
6147636,64797,1459.4889133272445,0.020433644061995437,29.42444744927343,20397.727,932.2955,30.94,5140
6149138,64797,1459.4889126050039,0.020433644182048738,29.424447622150183,39022.61,1838.8307,2.436,5880
6150118,64797,1459.4889109035357,0.020433644007425755,29.424447370693088,40320.527,1681.27,27.552,4457
6184059,50173,1426.4465937565328,0.02043330267406418,29.42395585065242,8052.286,296.55145,16.061,3728
6195999,64797,1459.4889976445338,0.020433626195881516,29.424421722069383,29562.344,1222.3984,2.89,5258
6204758,64798,1459.4889664222646,0.02043363084521843,29.42442841711454,12822.232,371.79236,33.663,4920
6204846,54970,1238.6044100262588,0.020433699537534267,29.424527334049344,7765.2085,185.20818,13.195,5749
6220300,54969,1238.603915233267,0.02043369336388423,29.424518443993293,10429.554,326.09186,20.305,5431
6222157,65266,1470.4622831737797,0.020433652854990214,29.42446011118591,87309.16,2653.233,37.218,4947
6231124,64797,1459.4889145624693,0.02043364377459511,29.42444703541696,43612.965,2018.9429,5.527,5865
6232989,64797,1459.4889146189307,0.0204336429524119,29.424445851473138,49002.555,2651.1616,28.986,5670
6263801,50173,1426.4466048672693,0.02043330127344234,29.42395383375697,20221.37,585.5104,12.917,4616
6265065,50173,1426.446599902738,0.020433303663594415,29.423957275575958,5977.0376,210.30916,25.958,4866
6279323,64797,1459.4889917180335,0.020433627476450056,29.42442356608808,47997.938,723.821,23.019,5639
6286296,64798,1459.4889673057987,0.020433633297216147,29.424431947991252,20043.762,553.1793,32.697,5102
6288823,64798,1459.488958360882,0.02043363469420001,29.424433959648013,25584.98,817.61487,4.737,6296
6290740,65262,1470.4622957189786,0.020433647143363487,29.42445188644342,184831.23,4023.6985,15.164,6342
6290811,64793,1459.4889538579882,0.02043363661141484,29.42443672043737,9507.3955,248.47955,2.828,3547
6294443,54965,1238.6040845264943,0.020433696103282273,29.424522388726473,11350.003,436.5997,20.186,5054
6305938,64797,1459.4889252217909,0.020433643188880524,29.424446191987954,35906.484,1183.7628,13.616,5942
6311382,64797,1459.4889181915423,0.020433643305295845,29.424446359626018,147426.1,7696.959,1.094,6055
6314495,65266,1470.4622807658016,0.02043365506688133,29.424463296309114,59728.688,3242.1545,15.463,5532
6344375,50173,1426.4466093025767,0.02043330535525456,29.423959711566567,10743.707,453.13782,6.967,4436
6345900,50173,1426.4466016335427,0.020433305471669883,29.42395987920463,22276.77,371.16394,31.632,5540
6358701,64797,1459.4889924400413,0.02043362782569602,29.42442406900227,12036.507,245.36798,24.837,5675
6358735,64797,1459.4889936532054,0.0204336277092807,29.424423901364207,13641.212,264.6375,33.541,3552
6362609,65263,1470.4623057865101,0.020433639983821195,29.42444157670252,125911.49,4635.609,13.298,6442
6368662,64793,1459.4889610518512,0.020433635509107262,29.424435133114457,7812.147,248.88504,19.407,5496
6369237,64793,1459.4889602117983,0.02043363602933823,29.424435882247053,15083.003,269.76184,22.953,5514
6372718,64793,1459.4889514464012,0.020433638303074986,29.42443915642798,43220.203,753.54834,18.915,5999
6423605,50173,1426.4466152059977,0.020433306108316174,29.42396079597529,10244.424,180.78679,30.751,5103
6424778,48549,1388.1937190072567,0.0204332708963193,29.423910090699792,7928.891,158.77339,18.217,5594
6425024,50173,1426.4466128737913,0.020433307450730354,29.42396272905171,11615.287,253.11313,24.232,4321
6428698,64792,1459.4890351522117,0.020433619436516892,29.424411988584325,24582.434,507.99933,28.813,4367
6431431,64792,1459.4890221895985,0.02043362257973058,29.424416514812037,17497.467,460.6757,4.516,5801
6431832,64792,1459.4890204853946,0.020433623394637834,29.42441768827848,40339.48,904.34247,27.333,6078
6442058,64794,1459.4889833971902,0.020433630037587136,29.424427254125476,43395.484,1795.2537,13.293,4685
6444796,65267,1470.46230385323,0.0204336441202031,29.42444753309246,54271.312,1334.7013,16.415,5603
6444981,64798,1459.488971478022,0.0204336338720168,29.42443277570419,14183.137,332.10013,11.943,5358
6445061,64798,1459.4889731863586,0.020433633762877434,29.424432618543506,5961.0786,182.69156,21.397,5470
6445537,64798,1459.4889700530694,0.020433634461369365,29.424433624371886,8215.047,196.5403,1.659,4729
6450960,65262,1470.4622980575223,0.02043364749988541,29.42445239983499,65452.598,1322.6042,18.905,6243
6451979,63169,1421.2357639173133,0.02043360279640183,29.424388026818633,6561.256,192.76752,4.964,5711
6466312,64797,1459.4889277688853,0.020433643425349146,29.42444653250277,25682.88,1378.7073,2.97,5964
6467490,64797,1459.4889282336153,0.020433643250726163,29.424446281045675,33502.742,1599.6057,2.279,6237
6505156,50173,1426.446613057029,0.020433309251529863,29.423965322203003,5762.8223,135.4904,31.96,3937
6508436,64792,1459.4890363524537,0.020433620375115424,29.42441334016621,25228.281,1146.8927,2.139,5486
6515731,64797,1459.4890051733455,0.020433627360034734,29.424423398450017,14836.943,284.00635,35.79,4806
6525026,65267,1470.4623049708898,0.0204336442402564,29.424447705969214,64868.156,1871.58,13.121,6226
6529860,65262,1470.4622994397214,0.020433646910532843,29.424451551167294,206579.53,16959.268,11.963,6417
6543441,65266,1470.4622910277103,0.020433652971405536,29.42446027882397,82808.5,3846.9082,2.752,6158
6545529,54969,1238.6036731985878,0.020433689292985946,29.424512581899762,8899.826,467.652,32.325,5315
6548429,64797,1459.4889320068978,0.020433642726857215,29.42444552667439,12541.678,747.89044,7.632,5606
6599993,65266,1470.4623191988358,0.020433637022506446,29.42443731240928,90622.31,12284.51,8.698,5930
6604752,54966,1238.604406084407,0.020433698256965727,29.424525490030646,7016.8467,251.50264,29.244,5209
6610530,64793,1459.4889739030987,0.020433635156223318,29.424434624961577,12825.982,469.85764,33.622,4848
6611476,64793,1459.4889735703982,0.020433635741937906,29.424435468390584,22308.701,603.1222,7.385,5687
6611775,64793,1459.4889732289375,0.020433636440429837,29.424436474218965,220206.62,6645.39,10.045,5801
6615161,64793,1459.488961828676,0.02043363795382902,29.42443865351379,13392.835,249.69359,18.834,4294
6628328,64797,1459.4889408942763,0.02043364295968786,29.424445861950517,9032.873,535.021,21.272,5369
6675936,65261,1470.4623388960754,0.020433629804756492,29.42442691884935,101354.016,2254.6345,20.395,5357
6696289,64793,1459.4889779271398,0.020433635505469283,29.424435127875768,23628.809,766.49445,27.499,5458
6699346,64793,1459.4889717831174,0.020433637542737415,29.424438061541878,46570.734,1152.4639,1.338,6461
6705695,64794,1459.4889598070076,0.020433640049304813,29.42444167099893,29063.184,1272.7981,20.976,3861
6706050,54966,1238.6039112117433,0.02043369208695367,29.424516605213284,6451.742,215.90327,7.352,5835
6717610,64797,1459.4889407572846,0.02043364295604988,29.424445856711827,11720.021,755.94666,11.411,5443
6720029,64797,1459.4889384142807,0.020433642144780606,29.424444688484073,17151.592,1039.7253,14.885,5202
6720216,64797,1459.4889356988642,0.020433642144780606,29.424444688484073,24051.176,1360.9728,25.645,4312
6758733,50173,1426.4466400950114,0.02043331169625162,29.423968842602335,19386.121,339.98785,16.235,5750
6766663,64793,1459.4890319005572,0.020433625377336284,29.42442054336425,40473.4,1013.71216,10.495,3851
6774408,65263,1470.4623208042321,0.020433638244867325,29.424439072608948,115164.445,4093.1807,10.728,5703
6777781,64794,1459.488992905266,0.020433632482308894,29.424430774524808,11344.407,433.66394,19.53,4416
6777853,64794,1459.4889920641072,0.020433632598724216,29.42443094216287,12890.984,486.02048,12.674,5241
6803898,64797,1459.488943414115,0.02043364237761125,29.4244450237602,38511.01,2013.9498,6.328,5931
6803967,65266,1470.4622951464116,0.020433652971405536,29.42446027882397,260459.95,14230.127,10.735,6133
6836201,64794,1459.4891293820328,0.020433612691704184,29.424402276054025,7515.694,313.482,20.116,4527
6836871,65263,1470.4623779313551,0.020433622696145903,29.4244166824501,245887.12,6403.5264,13.841,5288
6867551,64793,1459.4889850997497,0.020433635159861296,29.424434630200267,23513.443,689.0467,27.635,5288
6869776,64793,1459.4889784062689,0.020433637018868467,29.424437307170592,23579.303,505.78836,25.269,5324
6878459,64794,1459.4889645748408,0.0204336405149661,29.424442341551185,50562.96,911.6693,9.124,6091
6880179,64794,1459.4889596282082,0.02043364097335143,29.42444300162606,14495.656,361.51108,4.944,5646
6939305,65262,1470.462335036209,0.020433635618246626,29.42443529027514,509477.88,18222.383,1.698,6395
6940255,64793,1459.4890297235324,0.02043362642871216,29.42442205734551,21128.082,763.0519,9.827,5553
6945529,64794,1459.489011007092,0.020433628633327316,29.424425231991336,22078.584,815.19916,19.381,5666
6946839,64794,1459.489007590797,0.020433629222679883,29.424426080659032,9253.887,293.44543,31.68,4518
6946871,65263,1470.4623230197321,0.020433639925613534,29.42444149288349,679722.75,45305.6,2.203,6490
6947058,64794,1459.4890076166994,0.02043362944823457,29.42442640545778,13802.449,611.0199,9.673,5741
6956104,54965,1238.6040790431507,0.02043369336752221,29.424518449231982,6665.8647,128.6597,4.059,6259
6956886,64793,1459.4889791358364,0.020433637018868467,29.424437307170592,39180.945,961.2854,13.333,6044
6961441,64794,1459.4889692696815,0.02043363993288949,29.424441503360868,24611.94,608.40765,12.041,5586
6974809,64797,1459.4889514965107,0.020433641966519644,29.424444431788288,26420.13,1570.9116,9.806,5331
7009210,64794,1459.4891190527342,0.02043361303367419,29.424402768490836,14325.671,448.97937,8.56,5627
7022598,64793,1459.4890436798087,0.02043362514814362,29.424420213326812,16112.66,478.76633,19.413,3608
7024901,65262,1470.4623354698851,0.020433635741937906,29.424435468390584,67868.93,1839.8304,9.261,5060
7060028,54969,1238.6035608432794,0.020433687252079835,29.424509642994963,8368.24,619.827,2.175,5885
7060301,54969,1238.6035544201513,0.020433687139302492,29.42450948059559,12752.933,810.86017,12.463,5444
7097328,50173,1426.4466793158572,0.02043331478489563,29.423973290249705,17857.805,1985.7805,38.487,4511
7102876,65261,1470.4623500708985,0.02043363021221012,29.42442750558257,67435.37,2069.6033,10.932,5952
7105518,64793,1459.4890527973985,0.02043362328549847,29.424417531117797,8707.264,364.37265,19.64,5358
7108863,64793,1459.4890387374835,0.020433626312296838,29.424421889707446,13994.475,553.4853,12.319,5841
7117293,64794,1459.489011090911,0.020433631543710362,29.42442942294292,10832.301,574.4914,2.726,3377
7121724,63169,1421.2358919968465,0.020433600118849427,29.424384171143174,7160.9053,249.05707,30.308,4972
7133789,54966,1238.6038091439477,0.020433689176570624,29.4245124142617,7189.037,119.09294,30.099,5462
7173075,64793,1459.4891498969737,0.020433611993212253,29.424401270225644,13197.896,412.96933,33.446,4409
7177517,63168,1421.2363364616103,0.020433582532859873,29.424358847318217,5538.3164,482.35773,1.181,5071
7192111,64793,1459.4890378348864,0.020433626657904824,29.424422387382947,44102.258,1303.5295,10.81,6262
7200457,54966,1238.6042922903216,0.020433694175153505,29.424519612221047,8367.74,205.4105,16.428,5713
7201995,64793,1459.4890088404863,0.02043363328994019,29.424431937513873,14574.699,442.68698,8.683,5729
7202027,64793,1459.48900706751,0.020433633239008486,29.42443186417222,7063.264,230.39664,14.407,4093
7216493,64794,1459.4889775219417,0.02043364085693611,29.424442833987996,9019.75,282.7559,11.389,5280
7257681,64794,1459.489130538852,0.020433613150089514,29.4244029361289,8866.912,391.49368,19.338,5035
7267381,64792,1459.4890716471346,0.020433619909454137,29.424412669613957,7770.1436,341.73206,23.324,4403
7282194,64794,1459.4890171099614,0.020433632365893573,29.424430606886744,19126.547,686.52576,23.638,5859
7283959,64793,1459.4890097483803,0.02043363340635551,29.424432105151936,21658.75,848.5982,10.038,5096
7284498,64793,1459.4890105106242,0.02043363346820115,29.424432194209658,24040.367,553.0981,17.514,5309
7301333,64796,1459.4889754707037,0.020433641562703997,29.424443850293756,23309.809,527.8506,27.947,5473
7335938,64793,1459.4891512916292,0.020433612226042897,29.42440160550177,5870.335,340.38898,13.694,4099
7347778,54964,1238.604788030796,0.020433698839042336,29.424526328220963,6248.138,250.63538,15.491,5099
7364934,64793,1459.4890158840062,0.020433633177162847,29.4244317751145,20136.643,743.6164,16.433,4334
7369181,64793,1459.4890045131324,0.020433636498637497,29.424436558037996,9399.966,253.87207,15.405,4954
7422281,64792,1459.4891204560045,0.020433615012734663,29.424405618337914,23099.332,862.11237,17.931,5654
7428469,64792,1459.4890863059773,0.02043361862160964,29.42441081511788,11431.146,392.40213,22.029,5756
7434449,54965,1238.604589291448,0.02043369580860599,29.424521964392625,12959.536,454.8849,10.949,4470
7447776,64793,1459.4890174697575,0.02043363393386244,29.42443286476191,8369.112,232.78688,10.43,5415
7448760,64793,1459.489013080245,0.02043363521443098,29.42443470878061,22966.072,703.90814,8.642,5609
7451094,65262,1470.462328442336,0.02043364563724026,29.424449717625976,79125.55,2568.6782,1.856,5562
7456981,63170,1421.2357891774664,0.02043360407697037,29.42438987083733,7177.165,146.67455,32.062,4174
7464361,64796,1459.4889852968554,0.020433641206182074,29.424443336902186,39856.586,793.38837,1.792,6398
7464869,65265,1470.462318510792,0.020433650930499425,29.424457339919172,110577.234,2257.7725,8.471,5736
7466155,54968,1238.603653899023,0.020433686149772257,29.42450805567205,11352.225,231.10387,8.185,5317
7466603,54968,1238.6036438976953,0.020433686608157586,29.424508715746924,6346.257,145.6757,27.494,4628
7502671,65263,1470.4623900940787,0.02043362246695324,29.424416352412663,150819.2,3100.052,2.331,5958
7509496,64792,1459.489100383209,0.020433618396054953,29.424410490319133,23535.385,838.4467,9.72,4113
7513681,54964,1238.6047320065045,0.02043369709281251,29.424523813650012,7858.757,196.8181,34.032,4785
7521850,64794,1459.4890452827312,0.02043362701078877,29.424422895535827,17079.523,720.7752,33.571,5097
7529513,64793,1459.4890233004044,0.020433633002539864,29.424431523657404,12477.746,466.1532,17.526,4967
7544521,54966,1238.6037563828068,0.020433686499018222,29.42450855858624,7020.357,170.67795,7.371,5244
7551695,64796,1459.488982087314,0.020433640864212066,29.424442844465375,10327.537,511.0669,3.915,4048
7552002,65265,1470.4623188066616,0.02043365133795305,29.424457926652394,60150.605,1489.9939,14.218,4570
7552119,65265,1470.4623175979796,0.020433651628991356,29.424458345747553,72467.836,1120.0352,2.991,5883
7586560,64792,1459.4891320451497,0.020433615012734663,29.424405618337914,6311.4272,395.6729,21.738,5036
7586653,63168,1421.2363505490284,0.02043358358059777,29.424360356060788,7537.9844,628.85284,23.959,5055
7594770,64792,1459.4890818951753,0.020433621655683964,29.42441518418491,52629.28,1830.9724,2.648,5636
7596634,65261,1470.4623568821262,0.020433633297216147,29.424431947991252,198870.48,7266.9253,4.565,5544
7625738,64796,1459.48899017214,0.020433641322597396,29.42444350454025,32684.312,762.1058,23.877,5568
7627107,64796,1459.488990487902,0.02043364121345803,29.424443347379565,26345.86,1211.2426,31.319,4109
7662784,64792,1459.4891359704998,0.02043361432151869,29.424404622986913,5668.755,227.01399,23.415,5120
7668857,64792,1459.4890943108112,0.020433619327377528,29.42441183142364,32427.582,1174.1876,9.183,4573
7686674,64793,1459.4890237948202,0.020433635858353227,29.424435636028647,10357.562,390.21762,18.993,5032
7687855,54965,1238.604049860478,0.020433690340723842,29.424514090642333,9307.492,154.55757,25.623,5183
7691204,54966,1238.6039205080306,0.020433689292985946,29.424512581899762,8009.3203,147.45117,20.442,5589
7691764,54966,1238.6038939356076,0.020433688128832728,29.424510905519128,8063.289,115.25791,29.487,5235
7703219,54968,1238.6035565512211,0.02043368510203436,29.42450654692948,9527.41,181.56177,19.996,4910
7707962,65266,1470.4623215281317,0.020433651683561038,29.424458424327895,141655.0,2620.3198,13.228,5458
7739127,64792,1459.489102898362,0.020433618388778996,29.424410479841754,16063.104,564.3954,34.829,4150
7749368,64794,1459.4890510041369,0.020433627360034734,29.424423398450017,14103.951,453.22595,19.565,5600
7750330,64794,1459.4890478301895,0.020433628174941987,29.42442457191646,14977.119,521.79553,15.716,5535
7751278,54966,1238.6042866011921,0.020433692778169643,29.424517600564286,11166.272,193.79,8.59,5869
7756113,64793,1459.4890285754154,0.020433634927030653,29.42443429492414,7920.842,249.0182,21.382,5611
7771108,64796,1459.4889974995094,0.020433640747796744,29.42444267682731,15082.352,500.6985,26.359,4072
7772109,65265,1470.4623250713921,0.020433650992345065,29.424457428976893,55246.367,1318.8401,15.89,4200
7773885,64796,1459.4889901400238,0.020433640042028856,29.424441660521552,9016.377,232.0852,13.143,5275
7812977,64792,1459.4890795460597,0.02043362514086766,29.424420202849433,47461.434,1580.7164,16.459,5947
7817211,64794,1459.489061338034,0.020433626894373447,29.424422727897763,6978.486,239.53172,31.395,5063
7817584,65263,1470.4623539598688,0.020433636207599193,29.424436138942838,88043.625,1498.4994,13.743,5988
7830340,64794,1459.489020441135,0.020433637480891775,29.424437972484156,11391.681,294.83472,20.904,5140
7838066,64796,1459.4890034512428,0.02043364085693611,29.424442833987996,47072.22,895.94745,3.077,5935
7838375,54968,1238.6036535302337,0.020433684745512437,29.42450603353791,8178.574,161.21727,8.391,5460
7870750,64792,1459.489156399468,0.020433613390196115,29.424403281882405,18855.006,915.26056,2.791,5081
7872098,64792,1459.4891456304686,0.02043361477990402,29.424405283061787,19499.43,817.5728,3.746,5116
7886049,64794,1459.4890649663503,0.020433626894373447,29.424422727897763,10015.748,409.45322,1.497,4467
7900713,64794,1459.489017859356,0.020433638186659664,29.424438988789916,12099.174,285.30368,19.247,5535
7906811,65265,1470.462332051422,0.020433650170161854,29.42445624503307,265741.56,4933.853,15.08,5691
7908416,64796,1459.4890043882842,0.020433640631381422,29.424442509189248,12984.221,236.95406,3.17,5740
7909671,64796,1459.4890007577706,0.0204336405149661,29.424442341551185,10959.661,289.62384,27.511,5262
7916982,64797,1459.488991808401,0.020433641966519644,29.424444431788288,5563.7773,163.75754,13.034,4175
7939051,64792,1459.4891602338394,0.02043361315736547,29.42440294660628,5447.8574,844.3862,17.245,4961
7973122,63169,1421.2358086441454,0.020433604364370694,29.4243902846938,8435.568,292.51166,28.221,5030
7975408,54968,1238.603642510403,0.020433684170711786,29.42450520582497,8498.895,294.45575,17.226,5198
7978202,64796,1459.489004935247,0.02043364039855078,29.42444217391312,32758.232,2045.3562,29.991,4829
8008835,64792,1459.48915634906,0.020433614088688046,29.424404287710786,17257.688,577.37823,17.232,4912
8024188,64794,1459.489070126896,0.020433626777958125,29.4244225602597,11964.711,400.61887,23.849,5593
8028961,64794,1459.4890521757698,0.02043363200937165,29.424430093495175,32002.133,812.1499,9.445,5457
8037466,64794,1459.489029698634,0.0204336378374137,29.424438485875726,17971.031,390.01553,18.727,5496
8039128,63170,1421.2358452045373,0.020433604309801012,29.424390206113458,8180.9307,325.7995,11.927,5668
8043361,64793,1459.4890164554163,0.0204336402748595,29.42444199579768,50214.5,2001.8783,8.264,5573
8053780,64797,1459.488999501038,0.020433641384443035,29.42444359359797,15074.377,295.76648,8.955,4671
8058082,65266,1470.4623305845744,0.02043365320423618,29.4244606141001,46099.29,897.5856,5.187,5774
8081822,64792,1459.4891342928386,0.020433617813978344,29.424409652128816,37557.36,1089.2715,10.121,5733
8082525,64792,1459.4891295943162,0.0204336175811477,29.42440931685269,17846.098,540.8866,4.765,5583
8090473,65262,1470.462366196225,0.020433635036170017,29.424434452084824,61546.08,1052.0839,18.323,6192
8105265,64794,1459.4890372322916,0.02043363737175241,29.424437815323472,10254.127,305.12506,21.734,4159
8114703,64796,1459.4890151539948,0.02043363981647417,29.424441335722804,16247.905,344.5832,9.511,5307
8143238,64793,1459.4891886866753,0.020433612164197257,29.42440151644405,12209.491,447.34464,15.207,5716
8143737,64792,1459.4891853653462,0.02043361233518226,29.424401762662455,10251.122,356.19733,23.15,4778
8146507,64792,1459.4891593220163,0.02043361477990402,29.424405283061787,19238.64,749.13416,23.83,5445
8151196,65261,1470.4623882690357,0.02043362648328184,29.42442213592585,342912.56,8194.475,18.758,6233
8153942,64792,1459.489110516639,0.020433621997653972,29.42441567662172,16986.39,670.4776,20.303,4765
8161589,64794,1459.4890760023482,0.020433627119928133,29.42442305269651,40741.914,1156.4928,23.409,5671
8162452,64794,1459.4890724084325,0.02043362758558942,29.424423723248765,14985.769,593.5861,33.959,4214
8166835,65263,1470.4623555207363,0.02043364307610318,29.42444602958858,251868.53,3861.0334,3.681,6047
8175266,65263,1470.4623454201937,0.020433647907339036,29.424452986568213,206935.97,2716.888,15.272,5617
8179177,65262,1470.4623442199809,0.020433649122423958,29.4244547362905,415315.88,11670.671,11.682,5946
8181016,64793,1459.4890235714483,0.020433640162082156,29.424441833398305,19325.654,505.22226,0.713,5179
8181415,64793,1459.4890205523334,0.020433640103874495,29.424441749579273,18478.209,580.26965,10.603,5247
8182250,65262,1470.4623405089806,0.02043364982091589,29.42445574211888,177099.06,5965.9946,19.711,5585
8193338,54969,1238.603259490781,0.020433677706023445,29.42449589667376,5663.244,115.992546,39.095,4471
8195297,64799,1459.4890030184397,0.020433643425349146,29.42444653250277,29348.764,646.9449,29.919,5051
8197923,54971,1238.6031162179206,0.020433675086678704,29.424492124817334,7475.874,550.1152,4.045,4834
8211801,64792,1459.4891860413118,0.020433612226042897,29.42440160550177,10896.242,501.18848,6.385,5583
8212368,64792,1459.48918071339,0.020433612924534827,29.42440261133015,12582.459,233.9062,28.033,3998
8233588,65263,1470.4623601148924,0.020433641908311984,29.424444347969256,131009.3,2511.362,11.894,5919
8235229,64794,1459.4890594606331,0.020433633995708078,29.424432953819633,9774.842,301.52014,16.291,4355
8240881,54966,1238.603858575465,0.02043368568411097,29.424507385119796,9083.912,344.45447,13.432,5190
8246379,65262,1470.4623462935997,0.020433648896869272,29.42445441149175,141573.47,3939.1252,17.985,5820
8247608,65262,1470.4623452196392,0.020433649246115237,29.424454914405942,304787.3,8758.408,1.032,6246
8263765,54971,1238.6031441470332,0.020433675148524344,29.424492213875055,11652.246,351.8364,4.833,6211
8264134,65268,1470.462336243203,0.020433654368389398,29.424462290480733,84095.23,2284.9812,11.07,4970
8264548,32949,831.8528093050845,0.020433556754142046,29.424321725964546,2427.1877,25.710583,19.874,4928
8296359,64794,1459.4890814001774,0.020433627592865378,29.424423733726144,12538.772,405.2777,14.262,5637
8327990,54971,1238.6032004007793,0.02043367549777031,29.424492716789246,6453.7275,171.46071,0.501,4552
8328826,54971,1238.6031599741327,0.02043367497390136,29.42449196241796,7500.3833,399.14566,25.434,4783
8329693,65268,1470.462338188183,0.020433654251974076,29.42446212284267,138337.72,4331.0825,4.896,5946
8331396,54971,1238.6030909332403,0.020433674682863057,29.4244915433228,5796.657,189.22102,7.487,5917
8358946,64793,1459.4890974926166,0.020433625493751606,29.424420711002313,25191.805,491.69318,3.947,5711
8360344,64793,1459.4890902490806,0.02043362648328184,29.42442213592585,22909.12,447.08932,10.358,5114
8394810,64799,1459.4890115865783,0.02043364359633415,29.424446778721176,23736.695,565.3154,17.397,5624
8395808,45677,1111.0770317146744,0.020433547786524286,29.424308812594973,7422.2944,202.22708,7.566,5881
8415867,64792,1459.4891516440766,0.02043361745745642,29.424409138737246,31084.367,935.0048,28.119,3868
8416409,64792,1459.489145659456,0.020433617348317057,29.424408981576562,24936.951,710.7018,12.164,4152
8418220,64792,1459.4891341245602,0.020433619793038815,29.424412501975894,9728.933,180.6184,21.649,5538
8424242,64793,1459.4891020032446,0.020433625497389585,29.424420716241002,5831.504,165.14131,20.365,5088
8431192,64794,1459.489075645608,0.02043363270786358,29.424431099323556,6323.4634,151.15292,15.144,5885
8442718,65262,1470.4623527214135,0.020433648431207985,29.424453740939498,526869.6,14720.551,0.93,6499
8446325,64793,1459.4890375118339,0.020433638765098294,29.424439821741544,7088.769,192.2856,18.542,5426
8476384,64792,1459.4891881054718,0.020433614088688046,29.424404287710786,11554.75,454.27005,27.596,5315
8482540,43344,1239.8093406848857,0.020433643425349146,29.42444653250277,34424.65,582.30206,9.949,6359
8487692,64793,1459.4891101508038,0.020433624911674997,29.424419872811995,22144.15,676.7707,30.199,3550
8494217,64794,1459.489084404042,0.020433631085325032,29.424428762868047,43719.336,1179.459,5.835,6220
8508360,54965,1238.6036125588944,0.020433681369468104,29.42450117203407,7305.3823,170.28743,22.77,5242
8509736,64793,1459.489040785258,0.020433639001566917,29.42444016225636,8573.039,289.48206,3.441,5461
8509824,64793,1459.489042966241,0.020433639001566917,29.42444016225636,14934.636,393.0186,2.319,6311
8545795,65261,1470.4624045416276,0.02043362578478991,29.42442113009747,68877.734,1694.5483,17.196,5820
8552163,54965,1238.6044208676685,0.02043369004604756,29.424513666308485,10272.556,268.58807,8.08,5740
8554446,64793,1459.4891058702706,0.020433625963050872,29.424421386793256,63865.785,1361.046,13.659,6146
8557171,64798,1459.4890949726905,0.020433629222679883,29.424426080659032,7903.601,175.56883,24.913,5142
8560652,54966,1238.6040760096585,0.02043368696467951,29.424509229138494,12485.827,370.60104,15.114,5112
8564261,64793,1459.489072035176,0.020433635043445975,29.424434462562203,54318.605,1653.9354,16.428,5507
8564441,65262,1470.4623648664638,0.020433644473087043,29.42444804124534,135180.55,4015.7803,5.956,5798
8564484,64793,1459.4890713251734,0.020433635501831304,29.424435122637078,8953.793,271.76645,14.042,5252
8565235,64793,1459.4890675482238,0.020433636320376536,29.42443630134221,29986.861,802.0848,24.546,5636
8574557,64793,1459.4890465556746,0.020433638761460315,29.424439816502854,14504.829,330.1993,10.487,4963
8581232,64797,1459.4890365884276,0.020433640282135457,29.424442006275058,10716.484,504.7427,2.519,4314
8582151,65266,1470.4623526231298,0.020433651458006352,29.424458099529147,56437.113,938.41626,10.777,5104
8590354,65268,1470.4623482009774,0.020433654251974076,29.42446212284267,57910.125,1409.8469,11.387,5381
8607834,65261,1470.462415001719,0.020433624682482332,29.424419542774558,100357.414,2233.4426,14.193,6118
8621739,65267,1470.4623784650612,0.020433638303074986,29.42443915642798,57934.234,1546.8577,0.922,5940
8624918,64794,1459.4890898420635,0.020433632475032937,29.42443076404743,23141.732,775.3095,30.968,4820
8625793,63170,1421.236055614565,0.020433601042896044,29.424385501770303,6792.8887,268.02682,32.209,4870
8629722,64793,1459.4890717613962,0.020433635738299927,29.424435463151895,6583.6675,168.04124,8.623,5446
8630217,63169,1421.2359809190311,0.020433603607671103,29.424389195046388,6872.996,207.27963,16.952,5679
8635480,64793,1459.4890569346317,0.020433638303074986,29.42443915642798,8848.695,273.2927,6.804,5773
8636245,64793,1459.4890566179965,0.02043363859047531,29.42443957028445,15068.453,362.52237,4.583,6041
8653845,64799,1459.4890306149246,0.020433644123841077,29.42444753833115,8397.307,242.79475,27.99,4932
8673358,64792,1459.4891747468719,0.020433616766240448,29.424408143386245,8127.4424,361.0219,1.032,3390
8673891,63168,1421.236429492179,0.02043358766240999,29.424366233870387,7069.517,297.58826,14.927,4822
8683882,64793,1459.489112868403,0.02043362584663555,29.424421219155192,6730.9673,108.165215,28.436,4073
8686010,63174,1421.2361321885764,0.020433596859220415,29.424379477277398,6203.454,249.82007,20.371,4814
8687869,65267,1470.462379005854,0.020433640220289817,29.424441917217337,278333.25,3855.0823,11.391,5764
8711527,56203,1459.4890406045815,0.02043355820933357,29.42432382144034,11238.255,333.5715,15.364,5297
8711820,64797,1459.489042235211,0.02043364109704271,29.424443179741502,7596.4966,298.8652,25.882,4130
8717773,54971,1238.6031042821196,0.02043367287842557,29.42448894493282,17709.432,716.21735,6.777,5563
8749306,64793,1459.4891109377131,0.020433626774320146,29.42442255502101,26650.191,492.91245,10.833,4877
8753627,54966,1238.6040710485322,0.020433685916941613,29.424507720395923,6921.5713,247.36565,14.919,5690
8758021,64793,1459.4890826639094,0.020433635734661948,29.424435457913205,11059.9795,463.10666,31.599,4055
8771592,64797,1459.4890513311475,0.020433638826943934,29.424439910799265,23890.32,406.11566,25.508,4604
8772148,64797,1459.4890518815591,0.02043363905249862,29.424440235598013,13522.414,431.5043,21.915,5189
8804147,64792,1459.489174952927,0.020433617224625777,29.42440880346112,15886.081,579.64264,38.53,3956
8806713,64792,1459.4891563141355,0.020433619793038815,29.424412501975894,7598.5024,129.35832,30.867,5079
8813055,64793,1459.4891218655612,0.02043362573022023,29.42442105151713,12900.094,336.4193,23.806,5326
8824848,64793,1459.4890827216514,0.02043363602933823,29.424435882247053,50161.938,1405.2599,2.99,6116
8841211,64797,1459.48904809355,0.02043364097335143,29.42444300162606,6196.247,246.31071,32.477,4220
8843859,64797,1459.489044928363,0.02043364213750465,29.424444678006694,14561.093,497.6645,10.344,4297
8847951,64799,1459.489037949963,0.02043364359633415,29.424446778721176,15744.478,604.6171,5.929,5360
8866038,64792,1459.4892022543572,0.020433615012734663,29.424405618337914,18988.934,864.6441,8.952,4912
8873448,64792,1459.4891571194385,0.020433621539268643,29.424415016546845,19592.195,737.10315,3.456,3919
8894425,54965,1238.6037493772965,0.02043368067825213,29.42450017668307,11834.871,334.78845,13.791,5678
8894525,65262,1470.462373361821,0.02043364680139348,29.42445139400661,73032.41,1570.2188,10.729,5712
8914991,56205,1459.489042634632,0.020433565419807564,29.424334204522893,9494.603,328.24026,10.253,5637
8916411,54971,1238.6030182853647,0.020433671244973084,29.42448659276124,22933.195,1756.3353,0.883,5470
8936624,65261,1470.4624223489227,0.020433625493751606,29.424420711002313,57552.887,1180.8048,17.113,5903
8938890,64792,1459.4891710688462,0.02043361816322431,29.424410155043006,55687.703,719.0655,15.049,5440
8939987,64792,1459.4891659382483,0.02043361990217818,29.42441265913658,12030.066,172.83096,33.567,4710
8940708,64792,1459.4891617303,0.02043362129916204,29.42441467079334,10731.814,239.80464,19.006,3823
8959288,64793,1459.4890899359307,0.020433635683730245,29.424435384571552,17157.174,570.3353,9.964,5013
8962137,64793,1459.4890813101229,0.020433637488167733,29.424437982961535,6994.325,902.4675,22.603,3514
8971874,64797,1459.4890639801233,0.020433638303074986,29.42443915642798,12336.824,271.68823,24.081,5478
8985384,63175,1421.2357855632363,0.020433609432075173,29.42439758218825,8288.059,399.00668,22.628,4875
9005138,64792,1459.4891874862587,0.020433617115486413,29.424408646300435,6217.2344,312.439,32.846,4313
9012171,64792,1459.4891520157616,0.020433624209545087,29.424418861744925,10956.393,382.51862,27.422,5436
9017238,64798,1459.4891288712606,0.02043362701078877,29.424422895535827,10197.127,352.8217,34.067,4770
9019565,65267,1470.4623921932798,0.020433639343536925,29.42444065469317,63312.855,822.6381,16.384,5550
9029517,63169,1421.236002530044,0.02043360401512473,29.42438978177961,7270.938,315.26617,25.539,5079
9029518,64793,1459.4890910108297,0.0204336366696225,29.424436804256402,28127.29,789.39465,2.428,5727
9031086,65262,1470.4623769471727,0.020433646568562835,29.424451058730483,688346.25,29136.8,29.242,6361
9034074,65262,1470.4623756552755,0.020433647150639445,29.4244518969208,169119.34,4984.1772,11.058,6134
9073131,64792,1459.4891983926864,0.020433616526133846,29.42440779763274,13508.416,496.0399,14.431,4186
9075993,54964,1238.6046465261097,0.0204336901078932,29.424513755366206,10792.252,157.5843,12.01,5414
9093763,54965,1238.6038571417303,0.020433681602298748,29.424501507310197,6033.3105,196.8377,2.206,3323
9095110,54965,1238.6038138919976,0.02043368126032874,29.424501014873385,11149.413,333.89398,5.274,4935
9097199,64793,1459.489093131997,0.020433636960660806,29.42443722335156,20946.316,401.27856,3.737,5636
9107802,54969,1238.6033781843216,0.020433676952961832,29.42449481226504,6270.8203,246.1366,20.582,4147
9109003,54969,1238.6033511030037,0.020433676370885223,29.42449397407472,11207.837,355.1285,28.392,4907
9112164,64797,1459.489064144691,0.02043364033670514,29.4244420848554,13110.665,837.1042,19.957,3559
9141609,64792,1459.489185189559,0.02043361746473238,29.424409149214625,37021.18,408.66742,27.996,4617
9141881,65261,1470.4624231075431,0.02043362701078877,29.424422895535827,73790.875,1034.6384,4.112,5785
9142714,64792,1459.4891786564476,0.020433619327377528,29.42441183142364,10198.12,170.65741,10.922,3511
9149986,64798,1459.4891377901295,0.020433626537851524,29.424422214506194,28700.756,1040.3943,1.434,5319
9150451,64798,1459.4891356421795,0.020433627360034734,29.424423398450017,14228.006,401.81512,31.382,4031
9157703,64793,1459.489107172718,0.020433634166693082,29.424433200038038,20727.434,799.25903,20.32,5387
9176383,64797,1459.4890665831845,0.02043364039855078,29.42444217391312,7507.331,454.26477,39.64,3675
9179256,54969,1238.6031347733297,0.020433671477803728,29.424486928037368,10501.899,439.20724,24.087,4683
9182484,64797,1459.4890591555086,0.020433642843272537,29.424445694312453,35258.82,1433.0233,3.93,5979
9201411,63168,1421.2365523648841,0.020433586374565493,29.42436437937431,8418.909,760.601,37.639,4105
9201790,63168,1421.2365422407674,0.02043358672381146,29.4243648822885,7055.7344,186.88383,26.063,5503
9216773,64798,1459.4891289326406,0.020433630736079067,29.424428259953856,19832.559,1280.7234,31.928,4772
9224698,64793,1459.4891030758008,0.020433636265806854,29.42443622276187,8018.075,260.93726,6.877,5073
9226525,54965,1238.6036979728233,0.02043367863370804,29.42449723253958,7358.952,232.2104,14.467,5683
9229171,64793,1459.4890919768877,0.02043363719712943,29.424437563866377,14886.322,710.5891,6.979,5509
9268259,64792,1459.4891939054578,0.020433617231901735,29.4244088139385,42237.9,494.35947,24.702,5235
9283985,64797,1459.4891183588334,0.02043363474876969,29.424434038228355,254673.31,6187.917,4.656,6405
9287933,65262,1470.4623870387877,0.020433645404409617,29.42444938234985,56187.77,904.6988,20.416,5568
9291754,64793,1459.4890962778882,0.02043363719349145,29.424437558627687,22703.14,826.5911,33.219,4879
9303842,64797,1459.4890734104192,0.02043364161727368,29.424443928874098,5854.128,204.64359,7.881,4777
9326538,64792,1459.4892185639692,0.020433616067748517,29.424407137557864,6932.6934,346.73712,25.945,4190
9345655,64797,1459.4891219722995,0.02043363457414671,29.42443378677126,28925.697,479.86978,20.22,5401
9347432,65262,1470.4623919921141,0.020433644473087043,29.42444804124534,104357.18,2326.758,22.366,4473
9347979,64793,1459.4891142990746,0.020433635563676944,29.4244352116948,27598.809,747.7724,29.371,4314
9352074,64793,1459.489102509513,0.02043363655320718,29.42443663661834,7683.6133,290.3043,20.985,5549
9368360,64797,1459.489073720637,0.020433642723219236,29.4244455214357,14025.469,593.9808,12.776,5435
9392121,65261,1470.4624317669222,0.0204336277092807,29.424423901364207,91107.08,1565.2145,13.768,5293
9405858,65266,1470.4624002495111,0.020433641911949962,29.424444353207946,153983.97,3449.5034,3.137,6393
9411621,64793,1459.4891121844848,0.020433636316738557,29.424436296103522,8307.114,285.12836,19.113,5610
9427948,63173,1421.2358766388425,0.020433608267921954,29.424395905807614,8485.172,395.8784,26.903,4659
9451256,64792,1459.48921229384,0.020433616416994482,29.424407640472054,13131.4375,234.25148,23.281,4875
9456901,64792,1459.4891742103136,0.02043362328549847,29.424417531117797,10835.855,223.89291,6.514,5397
9456932,64792,1459.4891738422666,0.020433623401913792,29.42441769875586,41372.78,3303.2104,0.53,5620
9474239,64793,1459.4891117473671,0.020433636207599193,29.424436138942838,8482.591,306.65894,6.135,5633
9474309,59035,1421.2360228717152,0.020433683410374215,29.42450411093887,6251.5547,262.0576,32.474,4979
9481106,51732,1459.4890959035474,0.02043388393940404,29.42479287274182,10626.067,246.73886,11.271,5067
9481887,51732,1459.4890961883866,0.020433884754311293,29.424794046208262,12062.393,254.9495,16.623,5866
9487552,64797,1459.4890860692467,0.02043364121345803,29.424443347379565,20621.066,642.0063,15.603,5529
9512046,63168,1421.236526509274,0.02043358882656321,29.42436791025102,6121.271,101.56612,24.97,5098
9512119,64792,1459.4892222279668,0.020433616649825126,29.42440797574818,30011.473,842.21857,25.435,4210
9512162,64792,1459.4892240266418,0.020433616533409804,29.424407808110118,13388.802,439.57712,19.42,3907
9515073,64792,1459.4892030951087,0.020433619793038815,29.424412501975894,9593.725,149.4396,12.946,5665
9519275,64792,1459.4891741744577,0.0204336237438838,29.42441819119267,8494.167,168.23192,18.021,3579
9520539,64791,1459.4891692691817,0.02043362456242903,29.424419369897805,9835.073,255.47667,17.146,3779
9529322,64797,1459.4891322245676,0.020433634224900743,29.42443328385707,43025.69,713.8909,30.235,5011
9529741,63173,1421.2361153879247,0.020433603727724403,29.42438936792314,6439.7715,122.85825,24.829,4931
9529787,64797,1459.489132937204,0.020433634341316065,29.424433451495133,6172.665,69.02365,31.67,4154
9533670,64793,1459.489117840123,0.020433636149391532,29.424436055123806,11652.31,282.25137,11.435,5496
9536371,64793,1459.4891113566118,0.02043363667326048,29.42443680949509,7014.6255,307.766,26.058,4663
9578842,65261,1470.4624298998242,0.02043363102711737,29.424428679049015,61746.45,1210.0023,28.311,5339
9580749,64792,1459.4891803873397,0.020433623627468478,29.42441802355461,9054.268,82.01119,23.404,4449
9588514,64797,1459.4891448122726,0.020433632242202293,29.424430428771302,6589.256,118.622284,20.505,3577
9590661,64797,1459.4891391807978,0.020433633879292756,29.42443278618157,48963.53,934.48975,3.091,6432
9593572,64793,1459.489129004076,0.020433635563676944,29.4244352116948,7728.198,221.38914,15.737,3974
9594726,54965,1238.6037031011583,0.020433676949323853,29.42449480702635,6879.416,256.46304,9.658,4974
9595575,64793,1459.4891216331089,0.02043363597476855,29.42443580366671,28878.2,832.1201,20.182,5805
9613610,64797,1459.4890912415503,0.020433641911949962,29.424444353207946,20440.545,793.8546,13.485,4758
9639250,64791,1459.4892013440476,0.020433622470591217,29.424416357651353,24277.312,389.92606,2.834,5379
9643212,65260,1470.462422363271,0.02043363294797018,29.42443144507706,60712.586,950.22455,31.884,4797
9644954,64791,1459.4891668422133,0.020433627822058043,29.42442406376358,16666.596,238.86578,31.839,5144
9657772,64793,1459.4891241439618,0.020433635738299927,29.424435463151895,16282.771,528.96,14.643,4597
9662116,51732,1459.489113725729,0.02043387823505327,29.42478465847671,46644.734,912.00366,22.442,5257
9662773,51732,1459.4891114697311,0.020433879166375846,29.424785999581218,7938.8267,201.51633,8.766,5405
9663658,51732,1459.4891104805502,0.020433879748452455,29.424786837771535,19362.1,324.28955,18.901,6137
9673870,64797,1459.489093590637,0.020433641733689,29.42444409651216,41833.355,1612.7548,4.992,5710
9673891,65266,1470.4623889206414,0.02043365122517571,29.42445776425302,173034.47,4861.351,3.107,6159
9696929,64792,1459.4892289670752,0.02043361618416384,29.424407305195928,7691.8623,165.70174,31.032,5232
9701988,64792,1459.4891914028194,0.020433623052667826,29.42441719584167,38753.96,838.9073,20.273,5112
9702201,64792,1459.489192822679,0.02043362328549847,29.424417531117797,22802.992,411.97202,18.166,5503
9716008,64793,1459.4891364660652,0.020433635563676944,29.4244352116948,15059.205,472.36652,10.067,5945
9717563,64793,1459.4891330470346,0.020433635680092266,29.424435379332863,12837.587,294.56702,16.189,5550
9724348,51732,1459.4891164650544,0.020433878002222627,29.424784323200583,33646.4,551.6822,12.413,5896
9726020,52201,1470.4623978832533,0.0204338890616782,29.42480024881661,88803.86,2381.498,2.133,4581
9778224,64793,1459.4891341512848,0.02043363527263864,29.42443479259964,8290.782,162.64598,37.448,4354
9812640,64794,1459.4892750904182,0.02043361304095015,29.424402778968215,5803.46,278.83365,26.886,4103
9821337,65260,1470.4624418181047,0.0204336303868331,29.424427757039666,253851.88,4465.6113,19.095,5334
9821382,65260,1470.4624415724684,0.020433630379557144,29.424427746562287,53758.29,972.59503,3.792,6063
9823103,64792,1459.4891981410547,0.020433623169083148,29.424417363479733,6887.152,155.53156,15.993,5289
9845245,52201,1470.4624033298023,0.020433885794773232,29.424795544473454,73117.25,1236.2206,3.649,6238
9846463,51732,1459.4891194071606,0.02043387939193053,29.424786324379966,6718.1074,128.69492,18.973,5782
9873577,64794,1459.4892703067962,0.020433614663488697,29.424405115423724,19410.05,923.2891,15.447,5969
9880787,65260,1470.4624428413372,0.020433630379557144,29.424427746562287,466382.5,14301.4795,20.927,5815
9881650,64791,1459.4892119315555,0.020433623169083148,29.424417363479733,12556.057,149.72778,28.315,4817
9882662,64791,1459.4892060443453,0.020433622994460166,29.42441711202264,13717.867,153.77039,28.075,5286
9887628,64791,1459.4891789714966,0.020433629222679883,29.424426080659032,22302.826,553.17194,19.355,5598
9893496,65266,1470.4624174412602,0.020433642144780606,29.424444688484073,367424.0,10238.779,25.235,4964
9897031,65262,1470.4624136713974,0.020433643425349146,29.42444653250277,63276.66,1363.8016,2.994,6384
9897060,64793,1459.4891455648249,0.020433634981600335,29.424434373504482,39915.492,700.4424,29.122,5998
9904937,51732,1459.4891281748205,0.02043387555750087,29.42478080280125,6611.1455,107.42248,16.951,5623
9906862,51732,1459.4891220900681,0.020433878926269244,29.424785653827712,6839.507,157.41212,22.069,4683
9909232,51735,1459.4891200495986,0.02043388131642132,29.4247890956467,14721.302,393.25653,27.437,4329
9912689,51735,1459.489115470693,0.020433884164958727,29.424793197540566,10557.396,289.81003,15.544,3995
9935067,64794,1459.489266540586,0.02043361502001062,29.424405628815293,22157.992,947.9673,15.791,5582
9959022,64793,1459.4891465433611,0.020433635159861296,29.424434630200267,18534.143,472.1018,12.74,6232
9970848,52204,1470.462405074315,0.020433889760170132,29.42480125464499,196742.44,5232.302,22.207,5595
9993819,64794,1459.4892738660783,0.02043361443793401,29.424404790624976,8369.746,369.8348,23.291,5309
9994206,64794,1459.4892707852632,0.020433614663488697,29.424405115423724,16995.889,823.9213,18.306,5663
9995419,65262,1470.4624670127087,0.02043362328549847,29.424417531117797,165240.56,5194.303,10.873,5789
9996478,64793,1459.4892548557473,0.020433615951333195,29.4244069699198,9569.896,504.5839,21.662,4312
10001688,64791,1459.4892198109228,0.02043362304539187,29.42441718536429,7167.089,155.6171,24.96,4604
10002203,64791,1459.4892162218093,0.020433622699783882,29.42441668768879,40802.76,834.08704,19.165,5253
10005692,54963,1238.6041237803365,0.02043368108206778,29.4245007581776,9702.441,211.33542,18.009,6018
10032516,52204,1470.462405266895,0.020433890567801427,29.424802417634055,87271.59,2520.5671,16.75,5590
10032819,51735,1459.489123417843,0.020433881843928248,29.424789855256677,16536.588,533.16095,0.821,5124
10056408,64794,1459.4892779687289,0.020433614554349333,29.42440495826304,22324.404,1031.7156,5.094,5420
10082573,63169,1421.2361318852927,0.02043360395327909,29.42438969272189,7183.8926,165.62723,26.437,5288
10082941,64793,1459.4891524123377,0.020433634577784687,29.42443379200995,22124.512,517.55493,2.723,6432
10083199,54965,1238.6035761082458,0.02043367409714847,29.424490699893795,6783.6377,168.4923,26.899,5391
10090373,52201,1470.462413368703,0.020433882073120913,29.424790185294114,133134.27,2680.357,7.888,5816
10099790,51735,1459.4891239294593,0.020433885569218546,29.424795219674706,11163.001,466.89133,17.957,3626
10119109,64792,1459.4892997696516,0.020433611294720322,29.424400264397264,5978.0186,247.04057,26.292,4873
10121126,65263,1470.462478490037,0.02043362188487663,29.424415514222346,132510.1,5372.7446,7.458,6464
10135168,65260,1470.4624410660617,0.020433634919754695,29.42443428444676,98392.82,2120.8242,11.923,5694
10141132,64814,1459.4891811702619,0.020433631434570998,29.424429265782237,9551.473,174.81529,17.873,4831
10146386,64793,1459.4891657660337,0.020433634519577026,29.424433708190918,10095.845,141.46297,23.55,5588
10153506,51731,1459.4891467748894,0.020433869387488812,29.42477191798389,8457.874,276.30264,19.804,5235
10163713,51735,1459.4891315771602,0.0204338799812831,29.424787173047662,28738.443,711.7061,12.377,5697
10219271,52200,1470.4624199355167,0.020433874742593616,29.424779629334807,60412.1,1394.3848,5.972,5563
10225925,52204,1470.4624142947869,0.02043388382298872,29.424792705103755,124602.555,2894.9734,14.172,5955
10226001,41907,1238.6032144745186,0.020433936319022905,29.424868299392983,6202.6445,89.27077,16.9,5860
10252866,65261,1470.4624917414767,0.020433619847608497,29.424412580556236,99257.2,2792.0525,9.47,5057
10267063,64793,1459.4892183981356,0.02043362392214476,29.424418447888456,14531.824,355.57526,14.33,5704
10267590,64793,1459.4892157364447,0.020433624798897654,29.42441971041262,9800.908,253.44138,15.116,3790
10289452,50107,1421.236087841644,0.020433843423234066,29.424734529457055,7242.3203,203.0515,25.407,5253
10290600,51731,1459.4891494818658,0.02043387299272581,29.424777109525166,8677.053,155.62733,19.381,5443
10292636,51735,1459.4891433271623,0.020433875790331513,29.42478113807738,9658.828,182.06013,31.939,5036
10296496,41907,1238.6030838648512,0.020433940862858435,29.424874842516147,6970.352,106.77548,13.691,5638
10319285,63168,1421.2367340757555,0.02043358568334952,29.42436338402331,6916.4087,272.66873,34.415,4740
10336624,65283,1470.4624432669807,0.0204336378374137,29.424438485875726,116141.67,13351.629,33.337,3541
10350396,51731,1459.4891640532296,0.020433864319784334,29.42476462048944,32603.465,489.5251,13.052,5642
10350965,51731,1459.4891622568175,0.020433865422091912,29.424766207812354,20256.346,395.2228,16.806,3901
10386925,54965,1238.604663267215,0.020433686437172582,29.42450846952852,5140.2007,289.38428,14.441,4733
10388647,64793,1459.4892806892967,0.020433615423826268,29.424406210309826,38845.715,1238.9683,32.152,4800
10388910,65262,1470.4624787058128,0.02043362316180719,29.424417353002355,58162.4,2341.17,9.54,6061
10394504,64791,1459.489243022479,0.020433622288692277,29.42441609571688,6137.6978,150.80804,35.526,3942
10399244,63169,1421.2363583375045,0.020433597961527994,29.42438106460031,7898.78,318.20255,17.073,5103
10419750,51731,1459.4891586556114,0.020433869845874142,29.424772578058764,31419.799,651.6312,9.293,6136
10425412,51735,1459.4891479855214,0.02043387567391619,29.424780970439315,14164.867,408.52466,38.682,3580
10450882,54964,1238.6047006208173,0.020433684869203717,29.424506211653352,5496.798,175.82118,37.175,5024
10462310,65262,1470.4624560715602,0.020433630612387788,29.424428081838414,189109.56,6109.1543,3.571,6352
10463780,64793,1459.4892277517865,0.02043362514814362,29.424420213326812,20994.79,673.6796,20.45,5811
10468976,64814,1459.4892075403113,0.020433630619663745,29.424428092315793,11650.037,177.78392,21.786,5180
10470126,64814,1459.4892043119107,0.020433631318155676,29.424429098144174,42986.11,630.4095,20.578,5909
10471005,64814,1459.48919809184,0.02043363213306293,29.424430271610618,17139.453,218.2326,20.61,5368
10482340,51731,1459.489169561035,0.020433864265214652,29.4247645419091,25064.02,564.7855,19.799,5555
10483401,41903,1238.603330197402,0.020433928060811013,29.42485640756786,6037.815,119.32231,21.01,5693
10516029,65261,1470.4624922928779,0.020433621306438,29.42441468127072,269468.34,6776.848,24.837,5361
10516426,64792,1459.4893065843717,0.02043361419782741,29.42440444487147,45193.707,1215.0262,9.374,5356
10526152,64793,1459.4892440011245,0.02043362258336856,29.424416520050727,7631.381,354.9877,12.578,4899
10528243,64793,1459.4892332216186,0.020433624329598388,29.42441903462168,19415.734,609.296,10.638,4871
10553397,51733,1459.4891596180023,0.020433872119610896,29.42477585223969,47748.723,1529.2051,13.999,6164
10553563,51733,1459.4891599252805,0.020433872003195575,29.424775684601627,9640.96,352.21048,26.055,4638
10556443,51735,1459.4891566884107,0.020433874738955637,29.424779624096118,61995.266,734.28986,13.218,6243
10579294,65261,1470.462501531656,0.020433620316907763,29.42441325634718,78933.07,2407.2974,5.178,6292
10579337,64792,1459.4893215439151,0.020433613150089514,29.4244029361289,10813.506,442.48505,22.822,4780
10579554,65261,1470.4625001371169,0.02043362066251575,29.42441375402268,459272.06,15937.149,28.985,5074
10591875,65262,1470.46246241701,0.02043363072880311,29.424428249476478,57075.29,1788.1593,3.787,6347
10592106,65262,1470.4624613195629,0.02043363096890971,29.424428595229983,54459.69,1603.2084,10.285,5742
10593098,64793,1459.4892376026473,0.02043362456606701,29.424419375136495,43303.098,1265.6431,7.579,5129
10598186,63190,1421.2363406694858,0.020433601974218618,29.42438684287481,7443.6963,115.73665,27.37,4574
10618797,51733,1459.489164237304,0.020433870900887996,29.424774097278714,17554.24,745.7997,32.979,4171
10619800,52202,1470.4624293215893,0.020433880214113742,29.42478750832379,204748.81,6349.016,11.049,6340
10621205,51733,1459.4891600363699,0.020433873927686363,29.424778455868363,26378.504,580.48425,25.28,5505
10644321,65261,1470.4625080211117,0.02043361932373955,29.42441182618495,177265.55,5546.2266,8.493,6046
10651911,51502,1459.4892783548203,0.020433498480997514,29.42423781263642,20143.266,633.84467,20.561,5654
10659819,64793,1459.4892347344066,0.020433626541489502,29.424422219744883,16561.484,554.76355,15.88,4996
10665178,64814,1459.4892135723712,0.020433631085325032,29.424428762868047,10721.858,262.1198,2.43,4246
10666549,64814,1459.489211106309,0.020433631892956328,29.424429925857112,15702.646,171.39882,21.404,5809
10670221,64793,1459.489200137621,0.02043363271150156,29.424431104562245,11481.153,372.90305,34.952,5066
10677896,51731,1459.4891795882359,0.02043386286823079,29.424762530252337,12340.505,325.93665,15.888,5295
10678053,51731,1459.4891770147296,0.020433863563084742,29.42476353084203,33359.09,526.13354,9.31,5365
10718967,51502,1459.4892710527856,0.020433520367078017,29.424269328592345,10254.803,388.04047,27.493,4123
10721574,64793,1459.4892550542354,0.020433622237760574,29.424416022375226,11038.165,492.14606,9.324,5869
10723948,64793,1459.489244600547,0.020433624216821045,29.424418872222304,17838.857,677.50305,13.104,5701
10725005,65262,1470.462462438576,0.02043363469420001,29.424433959648013,52163.53,1610.4667,17.468,5138
10733824,54965,1238.6036421225363,0.02043367164878873,29.424487174255773,8180.132,153.19168,8.318,5849
10734057,64793,1459.4892098697383,0.020433632715139538,29.424431109800935,11883.377,193.59853,27.694,3740
10746136,51731,1459.4891784849533,0.02043386518926127,29.424765872536227,11905.765,2056.2446,3.815,6116
10750109,52202,1470.4624356763234,0.020433876481547486,29.42478213342838,49327.844,1663.9276,15.642,5572
10779902,64792,1459.4893102762508,0.020433615369256586,29.424406131729484,15525.762,435.8916,19.659,5561
10789292,54965,1238.6040710122397,0.02043367677470087,29.424494555569254,14260.077,679.5238,6.97,6028
10790693,64793,1459.4892467029786,0.02043362573022023,29.42442105151713,6799.9507,406.21185,33.641,3819
10793443,64792,1459.4892340251463,0.020433628524187952,29.42442507483065,14564.772,461.25906,7.344,5562
10803430,64793,1459.4892021131163,0.02043363294797018,29.42443144507706,9642.604,238.67921,20.038,3844
10842918,64792,1459.489329306838,0.020433613848581444,29.42440394195728,13450.475,379.53946,23.822,4864
10842952,64792,1459.489331684912,0.020433613848581444,29.42440394195728,14271.003,391.2927,26.929,4079
10843566,64792,1459.4893245306666,0.020433613972272724,29.424404120072722,12022.131,378.30286,21.724,3963
10843735,64792,1459.4893238455625,0.020433614081412088,29.424404277233407,11253.541,342.30054,13.645,5706
10849498,51502,1459.489282206654,0.020433516998309642,29.424264477565885,5688.8887,145.61287,27.204,4705
10850139,51502,1459.4892780613372,0.02043352456530556,29.424275374040008,30727.611,807.6803,24.371,3850
10862550,64793,1459.4892194047934,0.02043363166740164,29.424429601058364,9566.637,154.18874,31.827,3542
10876218,51733,1459.4891853359077,0.02043386397053837,29.42476411757525,12387.398,592.14777,27.191,4584
10879451,51733,1459.489182120211,0.02043386717195972,29.424768727621995,41936.184,1424.2305,2.03,6415
10880522,51733,1459.4891792337512,0.020433868681720924,29.42477090167813,9699.402,277.08282,7.391,5742
10904343,65261,1470.4625063726126,0.020433621655683964,29.42441518418491,1.0413118e+06,29042.307,3.063,6456
10914339,64793,1459.4892555553452,0.02043362514814362,29.424420213326812,35839.547,1249.1432,8.786,5558
10918030,64792,1459.4892373028779,0.02043362957192585,29.424426583573222,37306.82,917.09314,20.771,5520
10922914,64793,1459.4892176360881,0.020433632482308894,29.424430774524808,8935.634,197.01213,9.937,5494
10927708,64795,1459.4892027019887,0.02043363334814785,29.424432021332905,5837.229,230.51056,23.482,4533
10932301,51731,1459.4891943681214,0.02043386100558564,29.424759848043323,11850.707,207.43958,33.746,4288
10965333,51502,1459.489288331497,0.020433521654922515,29.424271183088422,26057.41,900.6353,25.001,5390
10965610,51502,1459.4892854848513,0.02043352502369089,29.424276034114882,7742.7773,156.9007,35.585,4065
10982750,54967,1238.6034103193306,0.02043366926955059,29.424483748152852,5909.9854,192.73375,18.154,5369
10988668,41905,1238.6031949354874,0.020433920253708493,29.42484516534023,11602.198,339.9177,9.431,4999
11014282,65261,1470.4625102115824,0.020433621888514608,29.424415519461036,498949.56,11042.249,1.618,6435
11019579,51502,1459.4892937130862,0.020433525613043457,29.42427688278258,9266.607,294.4072,20.685,5725
11026269,64792,1459.48925194193,0.020433628174941987,29.42442457191646,7263.533,308.1961,9.54,4998
11029754,64792,1459.489238658185,0.020433631085325032,29.424428762868047,14664.557,240.52771,13.762,4813
11032573,64793,1459.4892265954113,0.020433631780178985,29.424429763457738,7925.443,255.23877,22.962,4346
11036239,64795,1459.4892161398384,0.02043363283155486,29.424431277438998,10600.403,674.9035,35.205,3821
11043281,52202,1470.4624481377978,0.020433868921827525,29.424771247431636,96116.52,3705.4583,12.708,5681
11074131,51971,1470.462492751787,0.020433539641089737,29.424297083169222,190315.06,5583.9937,17.096,5511
11084931,64792,1459.4892379422454,0.02043363166740164,29.424429601058364,7289.588,237.60074,25.184,5016
11087095,64793,1459.4892311000804,0.020433631783816963,29.424429768696427,9032.896,373.74307,0.78,4109
11121412,63168,1421.2367924426144,0.020433589052117895,29.42436823504977,7456.0713,242.74681,31.907,5169
11121569,64792,1459.4893491805633,0.02043361373944208,29.424403784796596,7657.388,319.48123,29.486,4632
11128257,51501,1459.4892924574888,0.020433540103113046,29.424297748482786,11326.843,252.29218,14.743,5656
11137289,64792,1459.489247447309,0.02043363084521843,29.42442841711454,16210.703,337.2026,17.744,5707
11137684,65261,1470.4624684842565,0.02043363865232095,29.42443965934217,55897.93,947.6929,19.35,5842
11138903,64792,1459.4892403212652,0.02043363166740164,29.424429601058364,47870.96,1416.3594,18.967,5533
11141026,64793,1459.4892308206981,0.020433631434570998,29.424429265782237,46951.31,1017.1178,5.371,5327
11145819,64795,1459.489214873298,0.020433634283108404,29.4244333676761,20877.568,721.7758,4.33,3510
11147887,54967,1238.6032525648843,0.020433665420569014,29.42447820561938,13672.48,399.05017,23.808,6023
11182210,51970,1470.4624909007252,0.020433561701793224,29.424328850582242,132002.69,2033.7799,24.939,5787
11199179,64795,1459.4892184688142,0.020433634927030653,29.42443429492414,11127.471,371.49887,23.162,5131
11230757,51972,1470.4625096291566,0.020433500816579908,29.424241175875068,301593.0,9565.688,23.155,6069
11234457,51970,1470.4624967141572,0.020433547149877995,29.424307895824313,52536.008,892.9316,18.727,5396
11237304,51501,1459.4892884140936,0.020433571829926223,29.42434343509376,6779.9736,313.5661,16.317,3679
11241000,64792,1459.4892698234253,0.02043362828408135,29.424424729077145,38010.555,1102.7192,14.193,5371
11243831,64792,1459.4892532595477,0.020433630619663745,29.424428092315793,11055.424,275.8515,14.46,3890
11244453,65261,1470.4624729404532,0.02043363853226765,29.424439486465417,80655.57,1661.7377,8.971,6023
11245425,64792,1459.4892493440639,0.020433631318155676,29.424429098144174,8208.8,254.54655,0.643,4622
11250301,65264,1470.4624644171636,0.02043364167911932,29.42444401793182,72717.56,2536.965,15.647,5777
11303308,64795,1459.4892339782891,0.02043363282791688,29.42443127220031,10134.79,406.38837,23.08,5601
11340991,41673,1238.604177938374,0.020433623052667826,29.42441719584167,6239.1865,130.14555,16.241,3666
11341527,51501,1459.489306775351,0.020433547084394377,29.424307801527902,28414.934,554.60156,13.638,5646
11395425,51501,1459.489303217204,0.020433564495760947,29.424332873895764,39993.395,991.36426,6.741,5913
11402156,64792,1459.4892704991435,0.020433630037587136,29.424427254125476,5779.7324,154.95541,20.566,4310
11407896,64795,1459.4892450076586,0.02043363166740164,29.424429601058364,8436.291,334.39066,10.46,4815
11412096,54967,1238.6032358878656,0.020433663565199822,29.424475533887744,9867.891,405.7168,19.602,3757
11413690,64795,1459.4892319331484,0.020433635563676944,29.4244352116948,7314.444,212.84825,24.238,5626
11413985,64795,1459.4892286962931,0.02043363591656089,29.42443571984768,34304.234,1089.8943,33.843,4821
11442047,51503,1459.4893507160814,0.020433490510185948,29.424226334667765,6801.3013,301.60498,29.179,3796
11454108,64792,1459.4892746771147,0.02043363003031118,29.424427243648097,14735.986,223.45143,27.435,5488
11454321,64792,1459.4892732173248,0.020433629921171814,29.424427086487412,8333.723,197.08604,17.142,5487
11460517,64795,1459.489249413753,0.020433631900232285,29.42442993633449,8741.915,321.00925,14.644,4195
11461798,64795,1459.48924682317,0.020433633064385504,29.424431612715125,6296.034,393.67227,30.232,5184
11464130,65264,1470.4624702551373,0.020433642843272537,29.424445694312453,403496.97,13744.417,2.995,6448
11465987,64795,1459.489234593355,0.02043363585471525,29.424435630789958,12793.832,614.11975,1.504,5006
11494280,51503,1459.4893501762635,0.020433495337783825,29.424233286408707,7186.042,263.30988,35.807,4819
11497377,51504,1459.489329219934,0.020433535624761134,29.424291299656034,9342.52,213.11987,27.993,5197
11499205,51501,1459.4893167306072,0.020433560071978718,29.424326503649354,37767.465,519.87506,18.295,5618
11512772,65263,1470.462478655063,0.020433640860574087,29.424442839226685,114735.01,4730.042,16.136,5857
11515221,65264,1470.4624737438207,0.020433642610441893,29.424445359036326,185688.69,4725.9277,1.649,6436
11549696,51504,1459.4893325634985,0.020433536206837744,29.42429213784635,35034.07,666.46136,8.559,5716
11566903,64795,1459.4892513287996,0.020433634166693082,29.424433200038038,9694.131,329.26532,31.028,4801
11568704,64795,1459.4892459689654,0.020433635098015657,29.424434541142546,8502.503,254.00189,32.401,3757
11569968,64795,1459.489242332471,0.020433636087545892,29.424435966066085,11800.085,334.34662,8.0,6221
11570623,64795,1459.4892395674178,0.0204336365495692,29.42443663137965,7722.7407,257.46198,31.682,4368
11571485,54967,1238.60307988141,0.020433659432455897,29.424469582736492,6767.9023,192.12137,21.844,5097
11598761,51503,1459.4893531845519,0.020433507568668574,29.424250898882747,19364.916,608.03723,21.042,5335
11620172,64795,1459.489248261707,0.020433634806977352,29.424434122047387,46652.293,1776.858,6.092,6349
11621607,64795,1459.4892455682202,0.020433635858353227,29.424435636028647,12460.441,335.2968,18.16,5787
11649561,51503,1459.4893616243717,0.0204335027920024,29.424244020483457,26450.752,872.50305,11.099,5317
11656378,64797,1459.4893113070502,0.020433624908037018,29.424419867573306,12656.49,276.42966,14.548,5942
11658482,65266,1470.4625002642424,0.02043363515258534,29.424434619722888,59944.15,1156.4595,13.904,5712
11666295,64794,1459.489267006349,0.020433631194464397,29.42442892002873,12564.082,683.485,14.476,5557
11669332,64795,1459.4892590379677,0.020433634221262764,29.42443327861838,16659.738,383.19598,19.288,4682
11708609,65266,1470.4625052039191,0.020433634344954044,29.424433456733823,106047.08,1796.5521,22.201,5643
11709867,64797,1459.4893042323165,0.020433628058526665,29.424424404278398,17759.693,362.99603,28.912,4650
11722254,64795,1459.489257461093,0.02043363481061533,29.424434127286077,19476.357,634.5649,13.582,5744
11752614,51504,1459.4893576681716,0.020433527351997327,29.42427938687615,39188.242,743.6734,26.91,4804
11753667,51504,1459.4893469633753,0.020433540281374007,29.42429800517857,14845.757,424.35535,2.831,4939
11763903,64792,1459.48928980434,0.02043362957192585,29.424426583573222,32084.883,891.59,10.456,6112
11769856,54966,1238.6032615221047,0.020433661935385317,29.424473186954856,7777.1123,297.36276,19.079,4925
11774319,65264,1470.462483845884,0.020433643767319154,29.42444702493958,49092.625,1751.0176,31.551,4747
11774350,64795,1459.4892566439157,0.02043363597113057,29.42443579842802,7380.342,291.89688,28.274,3587
11802265,51503,1459.489364699366,0.020433515190234175,29.424261873937212,11885.835,550.6741,17.334,3644
11818740,64794,1459.4892797077846,0.02043363155098632,29.4244294334203,28871.887,1274.22,15.433,5315
11822061,64797,1459.4892695575472,0.0204336341121234,29.424433121457696,5875.775,173.9715,19.104,5052
11855817,51973,1470.4625235696585,0.020433571946341544,29.424343602731824,312046.2,5769.4595,11.11,6080
11857691,50499,1459.4893361337236,0.02043361233882024,29.424401767901145,6033.7393,187.96576,21.457,5082
11862479,64796,1459.4893088954777,0.020433628982573282,29.424425734905526,62175.715,1218.2164,17.909,5802
11867444,64794,1459.489287475415,0.020433630495972466,29.42442791420035,12603.299,582.7545,21.208,5134
11868006,64794,1459.4892836737054,0.020433630736079067,29.424428259953856,6067.084,412.33472,20.459,5444
11873934,63173,1421.2363294395254,0.02043360803509131,29.424395570531487,6195.75,223.72765,19.136,4950
11909766,64797,1459.4893268106025,0.02043362654512748,29.424422224983573,9821.947,262.21124,28.78,5061
11910019,64797,1459.489327215757,0.02043362700351281,29.424422885058448,7756.6626,179.5837,19.556,4386
11910039,64797,1459.4893281185869,0.02043362701078877,29.424422895535827,12322.338,343.90488,8.606,5447
11918886,64794,1459.4892878600513,0.020433631783816963,29.424429768696427,40928.4,34984.53,20.434,5496
11920538,65263,1470.4624969679935,0.020433640980627388,29.42444301210344,180563.28,7919.5396,7.244,6288
11924264,59037,1421.2363268498957,0.02043367415899411,29.424490788951516,5842.863,193.71404,22.877,4290
11955364,51504,1459.4893552377398,0.02043355948262615,29.424325654981658,27842.598,577.26086,3.478,5489
11958409,64797,1459.4893371144353,0.02043362502809032,29.42442004045006,13524.952,383.53528,18.917,4802
11970981,65266,1470.4624965410621,0.02043364109704271,29.424443179741502,55924.332,1839.0118,21.98,6111
11973659,64797,1459.4892739858115,0.020433635276276618,29.42443479783833,7149.975,252.51192,19.022,4339
12006467,64797,1459.489352232973,0.020433622354175895,29.42441619001329,6637.1406,158.49225,24.419,4107
12006812,64797,1459.4893493462805,0.02043362304539187,29.42441718536429,18988.117,374.76398,22.217,4813
12009086,64797,1459.4893381913062,0.020433626716112485,29.42442247120198,7411.721,223.49173,30.34,4515
12009642,64797,1459.4893324287477,0.02043362700715079,29.424422890297137,20821.771,644.7216,2.235,5568
12009867,64797,1459.4893332568681,0.020433626890735468,29.424422722659074,40613.348,911.10077,11.337,4968
12012876,65265,1470.462512366692,0.02043363596749259,29.424435793189332,300574.9,4953.6543,5.755,6052
12017255,63170,1421.2364370282303,0.02043360406969441,29.424389860359952,8061.836,395.809,19.58,5666
12056038,64797,1459.489351259188,0.020433623751159757,29.42441820167005,15699.992,373.9606,31.417,5141
12056765,64797,1459.4893458778024,0.020433624791621696,29.424419699935243,17985.643,432.69403,20.735,4102
12061977,64796,1459.4893175609686,0.020433628640603274,29.424425242468715,31958.742,611.9999,20.571,5709
12071775,64797,1459.4892864016074,0.020433634865185013,29.42443420586642,12579.844,560.035,9.96,5648
12118886,54969,1238.6031541338962,0.020433657973626396,29.42446748202201,7706.4937,355.6655,5.878,5867
12152988,65266,1470.4625337135367,0.02043362944823457,29.42442640545778,223920.69,4520.5845,6.079,6207
12166411,64797,1459.4893010789092,0.020433633173524868,29.42443176987581,26010.334,778.2755,21.2,5461
12169827,64797,1459.4892934636955,0.020433634461369365,29.424433624371886,8078.7056,259.77753,31.989,5140
12206116,64796,1459.4893455310594,0.020433627592865378,29.424423733726144,19890.082,433.03772,10.773,5178
12216897,54969,1238.6031204069805,0.020433656696695834,29.424465643242,5322.602,295.99185,28.483,4124
12265246,54969,1238.60317105976,0.020433657569810748,29.424466900527477,5228.234,1327.3639,12.38,4096
12268089,64797,1459.489302476948,0.020433633937500417,29.4244328700006,19475.365,902.58826,17.152,5585
12306506,64796,1459.4893456925274,0.020433627360034734,29.424423398450017,10112.33,188.1117,20.081,5302
12306578,64796,1459.4893436111379,0.020433627476450056,29.42442356608808,18905.855,417.54062,34.794,4872
12351666,65266,1470.4625424732076,0.020433631892956328,29.424429925857112,51318.656,1090.7296,34.856,5054
12353640,64795,1459.4893608649654,0.020433626777958125,29.4244225602597,8684.662,183.99329,34.647,4617
12355558,64796,1459.4893529807669,0.020433627243619412,29.424423230811954,13630.3545,296.04987,14.09,4832
12365726,64797,1459.4893147955809,0.020433633875654778,29.42443278094288,11671.877,529.66534,25.674,4871
12400940,64797,1459.4893850529552,0.02043362200492993,29.4244156870991,11215.356,282.5251,26.069,4106
12455270,64797,1459.4893779580234,0.02043362526455894,29.424420380964875,19236.418,359.8896,28.261,5042
12456471,54967,1238.6036931551425,0.020433662575669587,29.424474108964205,6986.427,274.8361,27.703,4226
12470281,65266,1470.4625203265896,0.020433640864212066,29.424442844465375,219758.72,6927.866,6.536,6202
12506956,64795,1459.4893757004393,0.0204336263705045,29.424421973526478,12765.114,361.95038,24.478,4928
12603199,64795,1459.4893676366119,0.020433626777958125,29.4244225602597,27159.37,439.387,36.169,4200
12643890,64797,1459.489392606156,0.02043362514814362,29.424420213326812,14533.726,487.56433,19.993,5078
12691956,64795,1459.4893790015703,0.020433626421436202,29.42442204686813,10349.817,196.90039,14.137,4732
12735339,64795,1459.4893951688646,0.020433625872101402,29.42442125582602,6806.636,329.00714,19.361,4151
12736892,64795,1459.4893860933735,0.020433626195881516,29.424421722069383,46272.13,1262.3639,2.65,5039
